/*******************************************************************************
 * Size: 16 px
 * Bpp: 4
 * Opts: --no-compress --no-prefilter --force-fast-kern-format --font C:\esp\robot\fw\managed_components\78__xiaozhi-fonts\ttf\puhui-common.ttf --format lvgl --lv-include lvgl.h --bpp 4 --size 16 --range 0x20-0x7e --symbols 会议录音就绪无线存储开始暂停继续结束确认请稍候准备中处理已完成可恢复错误麦克风忙目录写入失败正在本地保存文件上传等待服务器接口采集关闭强弱未挂载打开本 --output C:\esp\robot\fw\main\assets\fonts\meeting_zh_font.c
 ******************************************************************************/

#ifdef LV_LVGL_H_INCLUDE_SIMPLE
#include "lvgl.h"
#else
#include "lvgl.h"
#endif

#ifndef MEETING_ZH_FONT
#define MEETING_ZH_FONT 1
#endif

#if MEETING_ZH_FONT

/*-----------------
 *    BITMAPS
 *----------------*/

/*Store the image of the glyphs*/
static LV_ATTRIBUTE_LARGE_CONST const uint8_t glyph_bitmap[] = {
    /* U+0020 " " */

    /* U+0021 "!" */
    0xe, 0x90, 0xe9, 0xd, 0x90, 0xd8, 0xc, 0x80,
    0xc7, 0xb, 0x70, 0xb6, 0x0, 0x1, 0xfc, 0x1f,
    0xb0,

    /* U+0022 "\"" */
    0xbc, 0x5f, 0x3a, 0xb3, 0xf2, 0x9a, 0x2f, 0x18,
    0x91, 0xf0, 0x56, 0xc, 0x0,

    /* U+0023 "#" */
    0x0, 0xb, 0x90, 0xd, 0x70, 0x0, 0xe, 0x60,
    0xf, 0x40, 0x0, 0x1f, 0x20, 0x3f, 0x10, 0xbf,
    0xff, 0xff, 0xff, 0xf4, 0x12, 0x9c, 0x22, 0xba,
    0x20, 0x0, 0xb8, 0x0, 0xd6, 0x0, 0x0, 0xf5,
    0x1, 0xf3, 0x0, 0xbf, 0xff, 0xff, 0xff, 0xf4,
    0x17, 0xe2, 0x29, 0xc2, 0x20, 0x9, 0xb0, 0xb,
    0x80, 0x0, 0xd, 0x70, 0xf, 0x50, 0x0,

    /* U+0024 "$" */
    0x0, 0xf, 0x0, 0x0, 0x0, 0xf0, 0x0, 0x1a,
    0xef, 0xfe, 0x59, 0xc3, 0xf2, 0x42, 0xc7, 0xf,
    0x0, 0xb, 0x90, 0xf0, 0x0, 0x5f, 0xbf, 0x10,
    0x0, 0x39, 0xff, 0xa1, 0x0, 0xf, 0x3d, 0xa0,
    0x0, 0xf0, 0x5f, 0x0, 0xf, 0x5, 0xe8, 0x54,
    0xf5, 0xd9, 0xbe, 0xff, 0xd8, 0x0, 0x0, 0xf0,
    0x0, 0x0, 0xf, 0x0, 0x0, 0x0, 0x70, 0x0,

    /* U+0025 "%" */
    0x2d, 0xea, 0x0, 0x2, 0xd0, 0x0, 0xb6, 0xa,
    0x60, 0xb, 0x50, 0x0, 0xd2, 0x7, 0x90, 0x4c,
    0x0, 0x0, 0xd2, 0x7, 0x90, 0xd3, 0x0, 0x0,
    0xa6, 0xa, 0x66, 0xa0, 0x0, 0x0, 0x2b, 0xd9,
    0x1e, 0x18, 0xdc, 0x30, 0x0, 0x0, 0x88, 0x4d,
    0x4, 0xc0, 0x0, 0x2, 0xe0, 0x79, 0x0, 0xf0,
    0x0, 0xa, 0x60, 0x79, 0x0, 0xf0, 0x0, 0x3c,
    0x0, 0x4b, 0x2, 0xd0, 0x0, 0xc4, 0x0, 0x9,
    0xbc, 0x40,

    /* U+0026 "&" */
    0x0, 0x9, 0xfe, 0x80, 0x0, 0x0, 0x8, 0xf5,
    0x6f, 0x40, 0x0, 0x0, 0xbb, 0x0, 0xe7, 0x0,
    0x0, 0x9, 0xe0, 0x6f, 0x20, 0x0, 0x0, 0x2f,
    0xde, 0x40, 0x0, 0x0, 0x1b, 0xff, 0x50, 0x7,
    0x60, 0xc, 0xc1, 0x9f, 0x20, 0xe6, 0x4, 0xf2,
    0x0, 0xbe, 0x7f, 0x20, 0x5f, 0x30, 0x1, 0xdf,
    0x80, 0x1, 0xed, 0x54, 0x8f, 0xfd, 0x50, 0x2,
    0xbf, 0xfc, 0x53, 0xcf, 0x30,

    /* U+0027 "'" */
    0xbc, 0xab, 0x9a, 0x89, 0x56,

    /* U+0028 "(" */
    0x0, 0xba, 0x4, 0xf1, 0xc, 0x80, 0x3f, 0x20,
    0x8d, 0x0, 0xc9, 0x0, 0xd7, 0x0, 0xe7, 0x0,
    0xe8, 0x0, 0xc9, 0x0, 0x8d, 0x0, 0x4f, 0x20,
    0xd, 0x80, 0x5, 0xe1, 0x0, 0xb9,

    /* U+0029 ")" */
    0xd, 0x70, 0x0, 0x4f, 0x20, 0x0, 0xc9, 0x0,
    0x6, 0xf0, 0x0, 0x1f, 0x40, 0x0, 0xe8, 0x0,
    0xc, 0xa0, 0x0, 0xba, 0x0, 0xc, 0x90, 0x0,
    0xe7, 0x0, 0x1f, 0x40, 0x6, 0xe0, 0x0, 0xd8,
    0x0, 0x5f, 0x10, 0xe, 0x60, 0x0,

    /* U+002A "*" */
    0x0, 0x3f, 0x10, 0x1, 0x52, 0xf1, 0x60, 0x5f,
    0xff, 0xfe, 0x30, 0xb, 0xf9, 0x0, 0x6, 0xf4,
    0xf5, 0x0, 0x35, 0x6, 0x20,

    /* U+002B "+" */
    0x0, 0x4, 0xf1, 0x0, 0x0, 0x0, 0x4f, 0x10,
    0x0, 0x1, 0x15, 0xf2, 0x11, 0x7, 0xff, 0xff,
    0xff, 0xf4, 0x14, 0x47, 0xf5, 0x44, 0x10, 0x0,
    0x4f, 0x10, 0x0, 0x0, 0x4, 0xf1, 0x0, 0x0,
    0x0, 0x3e, 0x10, 0x0,

    /* U+002C "," */
    0x0, 0x73, 0x0, 0xf4, 0x4, 0xf0, 0xa, 0x90,
    0x2e, 0x10,

    /* U+002D "-" */
    0xdf, 0xff, 0xe2, 0x22, 0x22,

    /* U+002E "." */
    0x0, 0x8, 0xf5, 0x7f, 0x40,

    /* U+002F "/" */
    0x0, 0x0, 0x45, 0x0, 0x0, 0xd6, 0x0, 0x2,
    0xf1, 0x0, 0x8, 0xb0, 0x0, 0xd, 0x60, 0x0,
    0x3f, 0x10, 0x0, 0x8b, 0x0, 0x0, 0xd5, 0x0,
    0x3, 0xf0, 0x0, 0x9, 0xa0, 0x0, 0xe, 0x50,
    0x0, 0x4f, 0x0, 0x0, 0x9a, 0x0, 0x0,

    /* U+0030 "0" */
    0x0, 0x6d, 0xfe, 0x80, 0x0, 0x5f, 0x84, 0x7f,
    0x80, 0xc, 0xb0, 0x0, 0x8f, 0x0, 0xf7, 0x0,
    0x4, 0xf3, 0x1f, 0x50, 0x0, 0x2f, 0x42, 0xf5,
    0x0, 0x1, 0xf5, 0x1f, 0x50, 0x0, 0x2f, 0x40,
    0xf7, 0x0, 0x4, 0xf3, 0xc, 0xb0, 0x0, 0x8f,
    0x0, 0x5f, 0x83, 0x6f, 0x80, 0x0, 0x6d, 0xfe,
    0x80, 0x0,

    /* U+0031 "1" */
    0x28, 0xbe, 0xd4, 0xa7, 0xcd, 0x0, 0xa, 0xd0,
    0x0, 0xad, 0x0, 0xa, 0xd0, 0x0, 0xad, 0x0,
    0xa, 0xd0, 0x0, 0xad, 0x0, 0xa, 0xd0, 0x0,
    0xad, 0x0, 0xa, 0xd0,

    /* U+0032 "2" */
    0x3, 0xdf, 0xfd, 0x60, 0x0, 0x25, 0x44, 0x9f,
    0x50, 0x0, 0x0, 0x0, 0xba, 0x0, 0x0, 0x0,
    0xa, 0xb0, 0x0, 0x0, 0x0, 0xe8, 0x0, 0x0,
    0x0, 0x9e, 0x10, 0x0, 0x0, 0x8f, 0x30, 0x0,
    0x0, 0x9e, 0x30, 0x0, 0x1, 0xcc, 0x10, 0x0,
    0x0, 0xed, 0x44, 0x44, 0x40, 0x1f, 0xff, 0xff,
    0xff, 0x30,

    /* U+0033 "3" */
    0x4d, 0xff, 0xd7, 0x2, 0x53, 0x48, 0xf5, 0x0,
    0x0, 0xc, 0x80, 0x0, 0x16, 0xf4, 0x8, 0xff,
    0xe4, 0x0, 0x12, 0x49, 0xf3, 0x0, 0x0, 0xb,
    0xb0, 0x0, 0x0, 0x8d, 0x0, 0x0, 0xb, 0xc6,
    0x43, 0x5a, 0xf5, 0xbf, 0xff, 0xc5, 0x0,

    /* U+0034 "4" */
    0x0, 0x0, 0x1e, 0xf2, 0x0, 0x0, 0xa, 0xdf,
    0x20, 0x0, 0x6, 0xe4, 0xf2, 0x0, 0x2, 0xf4,
    0x3f, 0x20, 0x0, 0xd8, 0x3, 0xf2, 0x0, 0x9c,
    0x0, 0x3f, 0x20, 0x4f, 0x20, 0x3, 0xf2, 0x7,
    0xff, 0xff, 0xff, 0xf7, 0x13, 0x33, 0x35, 0xf5,
    0x10, 0x0, 0x0, 0x3f, 0x20, 0x0, 0x0, 0x3,
    0xf2, 0x0,

    /* U+0035 "5" */
    0xe, 0xff, 0xff, 0x50, 0xf, 0x64, 0x44, 0x10,
    0x3f, 0x0, 0x0, 0x0, 0x5e, 0x0, 0x0, 0x0,
    0x7f, 0xee, 0xc6, 0x0, 0x33, 0x23, 0x8f, 0x90,
    0x0, 0x0, 0x8, 0xf0, 0x0, 0x0, 0x5, 0xf1,
    0x0, 0x0, 0x8, 0xe0, 0x44, 0x34, 0x9f, 0x70,
    0x8e, 0xfe, 0xb5, 0x0,

    /* U+0036 "6" */
    0x0, 0x2, 0x9d, 0xd0, 0x0, 0x5, 0xfa, 0x63,
    0x0, 0x1, 0xe3, 0x0, 0x0, 0x0, 0x8b, 0xae,
    0xd8, 0x0, 0xd, 0xf7, 0x35, 0xe9, 0x0, 0xf8,
    0x0, 0x6, 0xf0, 0x1f, 0x50, 0x0, 0x2f, 0x20,
    0xf5, 0x0, 0x2, 0xf1, 0xd, 0xa0, 0x0, 0x6f,
    0x0, 0x7f, 0x84, 0x6f, 0x70, 0x0, 0x7d, 0xfe,
    0x80, 0x0,

    /* U+0037 "7" */
    0x2f, 0xff, 0xff, 0xff, 0x30, 0x44, 0x44, 0x47,
    0xf1, 0x0, 0x0, 0x0, 0xaa, 0x0, 0x0, 0x0,
    0x2f, 0x30, 0x0, 0x0, 0xa, 0xb0, 0x0, 0x0,
    0x2, 0xf3, 0x0, 0x0, 0x0, 0xac, 0x0, 0x0,
    0x0, 0x2f, 0x40, 0x0, 0x0, 0x9, 0xd0, 0x0,
    0x0, 0x1, 0xf5, 0x0, 0x0, 0x0, 0x9d, 0x0,
    0x0, 0x0,

    /* U+0038 "8" */
    0x0, 0x9e, 0xfe, 0xa1, 0x0, 0x9e, 0x53, 0x5d,
    0xc0, 0xc, 0x80, 0x0, 0x5f, 0x0, 0x8c, 0x10,
    0x1a, 0xb0, 0x0, 0xaf, 0xff, 0xc1, 0x0, 0x7e,
    0x52, 0x4c, 0xb0, 0xf, 0x50, 0x0, 0x2f, 0x32,
    0xf2, 0x0, 0x0, 0xf5, 0xf, 0x50, 0x0, 0x2f,
    0x30, 0xae, 0x63, 0x5d, 0xd0, 0x0, 0x8d, 0xfe,
    0xa1, 0x0,

    /* U+0039 "9" */
    0x0, 0x7d, 0xfe, 0x70, 0x0, 0x6f, 0x74, 0x7f,
    0x80, 0xe, 0x80, 0x0, 0x7f, 0x0, 0xf4, 0x0,
    0x3, 0xf2, 0xf, 0x50, 0x0, 0x3f, 0x20, 0xad,
    0x20, 0x2c, 0xf2, 0x1, 0xbf, 0xfe, 0xbf, 0x0,
    0x0, 0x1, 0xa, 0xb0, 0x0, 0x0, 0x5, 0xf3,
    0x0, 0x3, 0x6b, 0xf7, 0x0, 0x0, 0xbe, 0xa3,
    0x0, 0x0,

    /* U+003A ":" */
    0xde, 0xe, 0xe0, 0x0, 0x0, 0x0, 0x0, 0x0,
    0x0, 0x0, 0xe, 0xe0, 0xde, 0x0,

    /* U+003B ";" */
    0xd, 0xe0, 0xe, 0xe0, 0x0, 0x0, 0x0, 0x0,
    0x0, 0x0, 0x0, 0x0, 0x1, 0x20, 0x8, 0xc0,
    0xc, 0x80, 0x2f, 0x20, 0x98, 0x0, 0x0, 0x0,

    /* U+003C "<" */
    0x0, 0x0, 0x0, 0x0, 0x0, 0x0, 0x0, 0x5,
    0xc4, 0x0, 0x1, 0x8e, 0xfa, 0x10, 0x4a, 0xfd,
    0x71, 0x0, 0x6f, 0xb4, 0x0, 0x0, 0x7, 0xe8,
    0x10, 0x0, 0x0, 0x17, 0xdf, 0xb4, 0x0, 0x0,
    0x0, 0x4b, 0xfd, 0x70, 0x0, 0x0, 0x2, 0x8e,
    0x40, 0x0, 0x0, 0x0, 0x0,

    /* U+003D "=" */
    0x1, 0x11, 0x11, 0x11, 0x7, 0xff, 0xff, 0xff,
    0xf4, 0x14, 0x44, 0x44, 0x44, 0x10, 0x0, 0x0,
    0x0, 0x0, 0x1, 0x11, 0x11, 0x11, 0x7, 0xff,
    0xff, 0xff, 0xf4, 0x14, 0x44, 0x44, 0x44, 0x10,

    /* U+003E ">" */
    0x0, 0x0, 0x0, 0x0, 0x6, 0xa4, 0x0, 0x0,
    0x0, 0x2b, 0xfd, 0x71, 0x0, 0x0, 0x2, 0x8e,
    0xf9, 0x30, 0x0, 0x0, 0x5, 0xcf, 0x30, 0x0,
    0x0, 0x29, 0xf4, 0x0, 0x5, 0xcf, 0xc6, 0x1,
    0x8e, 0xfa, 0x30, 0x0, 0x7d, 0x71, 0x0, 0x0,
    0x1, 0x0, 0x0, 0x0, 0x0,

    /* U+003F "?" */
    0x3d, 0xff, 0xe8, 0x3, 0x75, 0x5a, 0xf5, 0x0,
    0x0, 0xf, 0x80, 0x0, 0x0, 0xf7, 0x0, 0x0,
    0xae, 0x10, 0x0, 0xcd, 0x20, 0x0, 0x7e, 0x10,
    0x0, 0x6, 0x80, 0x0, 0x0, 0x0, 0x0, 0x0,
    0xd, 0xf0, 0x0, 0x0, 0xce, 0x0, 0x0,

    /* U+0040 "@" */
    0x0, 0x0, 0x29, 0xdf, 0xfc, 0x70, 0x0, 0x0,
    0x7, 0xfa, 0x42, 0x36, 0xdc, 0x0, 0x0, 0x8e,
    0x30, 0x0, 0x0, 0xd, 0x90, 0x3, 0xf3, 0x3,
    0xce, 0x8d, 0x44, 0xf0, 0xa, 0xa0, 0x2f, 0x72,
    0xbf, 0x10, 0xf3, 0xe, 0x50, 0xab, 0x0, 0x6e,
    0x0, 0xf4, 0xf, 0x30, 0xe6, 0x0, 0x7b, 0x0,
    0xf3, 0x1f, 0x20, 0xf4, 0x0, 0xb9, 0x4, 0xf0,
    0xf, 0x40, 0xd8, 0x5, 0xfb, 0xb, 0x90, 0xb,
    0x90, 0x4f, 0xfe, 0x6e, 0xfb, 0x0, 0x4, 0xf3,
    0x0, 0x10, 0x0, 0x10, 0x0, 0x0, 0x7f, 0x83,
    0x0, 0x2, 0x40, 0x0, 0x0, 0x4, 0xbf, 0xff,
    0xfe, 0x90, 0x0, 0x0, 0x0, 0x0, 0x12, 0x0,
    0x0, 0x0,

    /* U+0041 "A" */
    0x0, 0x0, 0xcf, 0x70, 0x0, 0x0, 0x0, 0x2f,
    0xbd, 0x0, 0x0, 0x0, 0x9, 0xc1, 0xf4, 0x0,
    0x0, 0x0, 0xe5, 0xb, 0xa0, 0x0, 0x0, 0x5e,
    0x0, 0x4f, 0x0, 0x0, 0xb, 0x91, 0x11, 0xe6,
    0x0, 0x1, 0xff, 0xff, 0xff, 0xc0, 0x0, 0x7c,
    0x44, 0x44, 0x5f, 0x20, 0xd, 0x70, 0x0, 0x0,
    0xd8, 0x4, 0xf2, 0x0, 0x0, 0x8, 0xe0, 0xac,
    0x0, 0x0, 0x0, 0x3f, 0x40,

    /* U+0042 "B" */
    0x8f, 0xff, 0xfc, 0x40, 0x8e, 0x44, 0x5b, 0xf1,
    0x8e, 0x0, 0x1, 0xf5, 0x8e, 0x0, 0x1, 0xf5,
    0x8e, 0x0, 0x19, 0xe1, 0x8f, 0xff, 0xff, 0x50,
    0x8e, 0x22, 0x38, 0xf5, 0x8e, 0x0, 0x0, 0xbb,
    0x8e, 0x0, 0x0, 0xca, 0x8e, 0x44, 0x58, 0xf6,
    0x8f, 0xff, 0xfd, 0x70,

    /* U+0043 "C" */
    0x0, 0x6c, 0xef, 0xe9, 0xa, 0xfa, 0x65, 0x66,
    0x4f, 0x60, 0x0, 0x0, 0xae, 0x0, 0x0, 0x0,
    0xcb, 0x0, 0x0, 0x0, 0xda, 0x0, 0x0, 0x0,
    0xcb, 0x0, 0x0, 0x0, 0xae, 0x0, 0x0, 0x0,
    0x5f, 0x50, 0x0, 0x0, 0xc, 0xf9, 0x55, 0x68,
    0x0, 0x8d, 0xff, 0xe9,

    /* U+0044 "D" */
    0x8f, 0xff, 0xfd, 0x81, 0x0, 0x8e, 0x44, 0x59,
    0xfd, 0x0, 0x8e, 0x0, 0x0, 0x4f, 0x80, 0x8e,
    0x0, 0x0, 0xc, 0xd0, 0x8e, 0x0, 0x0, 0x8,
    0xf0, 0x8e, 0x0, 0x0, 0x7, 0xf0, 0x8e, 0x0,
    0x0, 0x8, 0xf0, 0x8e, 0x0, 0x0, 0xb, 0xc0,
    0x8e, 0x0, 0x0, 0x4f, 0x70, 0x8e, 0x44, 0x6a,
    0xfc, 0x0, 0x8f, 0xff, 0xfc, 0x70, 0x0,

    /* U+0045 "E" */
    0x8f, 0xff, 0xff, 0xa0, 0x8e, 0x55, 0x55, 0x30,
    0x8e, 0x0, 0x0, 0x0, 0x8e, 0x0, 0x0, 0x0,
    0x8f, 0xff, 0xff, 0x50, 0x8e, 0x33, 0x33, 0x10,
    0x8e, 0x0, 0x0, 0x0, 0x8e, 0x0, 0x0, 0x0,
    0x8e, 0x0, 0x0, 0x0, 0x8e, 0x55, 0x55, 0x50,
    0x8f, 0xff, 0xff, 0xf0,

    /* U+0046 "F" */
    0x8f, 0xff, 0xff, 0xa8, 0xe5, 0x55, 0x53, 0x8e,
    0x0, 0x0, 0x8, 0xe0, 0x0, 0x0, 0x8e, 0x11,
    0x11, 0x8, 0xff, 0xff, 0xf5, 0x8e, 0x44, 0x44,
    0x18, 0xe0, 0x0, 0x0, 0x8e, 0x0, 0x0, 0x8,
    0xe0, 0x0, 0x0, 0x8e, 0x0, 0x0, 0x0,

    /* U+0047 "G" */
    0x0, 0x5b, 0xef, 0xec, 0x40, 0xaf, 0xa6, 0x55,
    0x74, 0x4f, 0x60, 0x0, 0x0, 0xa, 0xe0, 0x0,
    0x0, 0x0, 0xcb, 0x0, 0x0, 0x0, 0xd, 0xa0,
    0x0, 0xef, 0xfb, 0xcb, 0x0, 0x3, 0x3c, 0xba,
    0xe0, 0x0, 0x0, 0xbb, 0x5f, 0x50, 0x0, 0xb,
    0xb0, 0xcf, 0x95, 0x45, 0xdb, 0x0, 0x8d, 0xff,
    0xec, 0x60,

    /* U+0048 "H" */
    0x8e, 0x0, 0x0, 0x9, 0xd8, 0xe0, 0x0, 0x0,
    0x9d, 0x8e, 0x0, 0x0, 0x9, 0xd8, 0xe0, 0x0,
    0x0, 0x9d, 0x8f, 0xff, 0xff, 0xff, 0xd8, 0xe3,
    0x33, 0x33, 0xad, 0x8e, 0x0, 0x0, 0x9, 0xd8,
    0xe0, 0x0, 0x0, 0x9d, 0x8e, 0x0, 0x0, 0x9,
    0xd8, 0xe0, 0x0, 0x0, 0x9d, 0x8e, 0x0, 0x0,
    0x9, 0xd0,

    /* U+0049 "I" */
    0x8e, 0x8e, 0x8e, 0x8e, 0x8e, 0x8e, 0x8e, 0x8e,
    0x8e, 0x8e, 0x8e,

    /* U+004A "J" */
    0x0, 0x8, 0xe0, 0x0, 0x8e, 0x0, 0x8, 0xe0,
    0x0, 0x8e, 0x0, 0x8, 0xe0, 0x0, 0x8e, 0x0,
    0x8, 0xe0, 0x0, 0x8e, 0x0, 0x8, 0xe0, 0x0,
    0x8e, 0x0, 0x8, 0xe0, 0x0, 0xad, 0x15, 0x7f,
    0x83, 0xfe, 0x90,

    /* U+004B "K" */
    0x8e, 0x0, 0x1, 0xdc, 0x18, 0xe0, 0x1, 0xdc,
    0x10, 0x8e, 0x1, 0xcc, 0x0, 0x8, 0xe1, 0xcc,
    0x0, 0x0, 0x8f, 0xff, 0x10, 0x0, 0x8, 0xe4,
    0xf8, 0x0, 0x0, 0x8e, 0x6, 0xf4, 0x0, 0x8,
    0xe0, 0xb, 0xe1, 0x0, 0x8e, 0x0, 0x1f, 0xb0,
    0x8, 0xe0, 0x0, 0x6f, 0x60, 0x8e, 0x0, 0x0,
    0xaf, 0x20,

    /* U+004C "L" */
    0x8e, 0x0, 0x0, 0x8, 0xe0, 0x0, 0x0, 0x8e,
    0x0, 0x0, 0x8, 0xe0, 0x0, 0x0, 0x8e, 0x0,
    0x0, 0x8, 0xe0, 0x0, 0x0, 0x8e, 0x0, 0x0,
    0x8, 0xe0, 0x0, 0x0, 0x8e, 0x0, 0x0, 0x8,
    0xe5, 0x55, 0x53, 0x8f, 0xff, 0xff, 0xb0,

    /* U+004D "M" */
    0x8f, 0xf0, 0x0, 0x0, 0xaf, 0xd8, 0xef, 0x60,
    0x0, 0x1f, 0xdd, 0x8e, 0x9c, 0x0, 0x7, 0xda,
    0xd8, 0xe3, 0xf2, 0x0, 0xd6, 0xad, 0x8e, 0xc,
    0x90, 0x4f, 0x1a, 0xd8, 0xe0, 0x6e, 0xa, 0xa0,
    0xad, 0x8e, 0x0, 0xe7, 0xf3, 0xa, 0xd8, 0xe0,
    0x8, 0xfd, 0x0, 0xad, 0x8e, 0x0, 0x28, 0x40,
    0xa, 0xd8, 0xe0, 0x0, 0x0, 0x0, 0xad, 0x8e,
    0x0, 0x0, 0x0, 0xa, 0xd0,

    /* U+004E "N" */
    0x8f, 0xe1, 0x0, 0x2, 0xf5, 0x8e, 0xe9, 0x0,
    0x2, 0xf5, 0x8e, 0x5f, 0x20, 0x2, 0xf5, 0x8e,
    0xc, 0xa0, 0x2, 0xf5, 0x8e, 0x3, 0xf3, 0x2,
    0xf5, 0x8e, 0x0, 0xac, 0x2, 0xf5, 0x8e, 0x0,
    0x2f, 0x52, 0xf5, 0x8e, 0x0, 0x8, 0xd2, 0xf5,
    0x8e, 0x0, 0x1, 0xe8, 0xf5, 0x8e, 0x0, 0x0,
    0x6f, 0xf5, 0x8e, 0x0, 0x0, 0xd, 0xf5,

    /* U+004F "O" */
    0x1, 0x9d, 0xff, 0xd8, 0x0, 0xd, 0xe7, 0x44,
    0x8f, 0xb0, 0x6f, 0x30, 0x0, 0x5, 0xf4, 0xad,
    0x0, 0x0, 0x0, 0xf8, 0xcb, 0x0, 0x0, 0x0,
    0xda, 0xda, 0x0, 0x0, 0x0, 0xcb, 0xcb, 0x0,
    0x0, 0x0, 0xda, 0xad, 0x0, 0x0, 0x0, 0xf8,
    0x6f, 0x30, 0x0, 0x4, 0xf4, 0xd, 0xe7, 0x44,
    0x8f, 0xb0, 0x1, 0x9d, 0xff, 0xd8, 0x0,

    /* U+0050 "P" */
    0x8f, 0xff, 0xec, 0x40, 0x8e, 0x44, 0x6c, 0xf3,
    0x8e, 0x0, 0x0, 0xf8, 0x8e, 0x0, 0x0, 0xd9,
    0x8e, 0x0, 0x0, 0xf8, 0x8e, 0x0, 0x18, 0xf3,
    0x8f, 0xff, 0xfe, 0x70, 0x8e, 0x33, 0x20, 0x0,
    0x8e, 0x0, 0x0, 0x0, 0x8e, 0x0, 0x0, 0x0,
    0x8e, 0x0, 0x0, 0x0,

    /* U+0051 "Q" */
    0x1, 0x9d, 0xff, 0xd8, 0x0, 0xd, 0xe7, 0x44,
    0x8f, 0xb0, 0x6f, 0x30, 0x0, 0x5, 0xf4, 0xad,
    0x0, 0x0, 0x0, 0xf8, 0xcb, 0x0, 0x0, 0x0,
    0xda, 0xda, 0x0, 0x0, 0x0, 0xcb, 0xcb, 0x0,
    0x0, 0x0, 0xda, 0xad, 0x0, 0x0, 0x0, 0xf8,
    0x6f, 0x30, 0x0, 0x4, 0xf4, 0xd, 0xe7, 0x44,
    0x8f, 0xb0, 0x1, 0x9d, 0xff, 0xe7, 0x0, 0x0,
    0x0, 0x9, 0xe1, 0x0, 0x0, 0x0, 0x0, 0xcc,
    0x0,

    /* U+0052 "R" */
    0x8f, 0xff, 0xec, 0x50, 0x8, 0xe4, 0x45, 0xbf,
    0x30, 0x8e, 0x0, 0x0, 0xf7, 0x8, 0xe0, 0x0,
    0xf, 0x70, 0x8e, 0x0, 0x17, 0xf3, 0x8, 0xff,
    0xff, 0xe7, 0x0, 0x8e, 0x33, 0xe9, 0x0, 0x8,
    0xe0, 0x5, 0xf3, 0x0, 0x8e, 0x0, 0xb, 0xd0,
    0x8, 0xe0, 0x0, 0x1f, 0x90, 0x8e, 0x0, 0x0,
    0x6f, 0x30,

    /* U+0053 "S" */
    0x0, 0x8d, 0xff, 0xd5, 0x0, 0x9f, 0x75, 0x57,
    0x50, 0xd, 0x90, 0x0, 0x0, 0x0, 0xd9, 0x0,
    0x0, 0x0, 0x7, 0xfa, 0x51, 0x0, 0x0, 0x4,
    0xae, 0xfb, 0x20, 0x0, 0x0, 0x3, 0xcd, 0x0,
    0x0, 0x0, 0x5, 0xf1, 0x0, 0x0, 0x0, 0x6f,
    0x1, 0x96, 0x54, 0x7e, 0xb0, 0xb, 0xef, 0xfd,
    0x81, 0x0,

    /* U+0054 "T" */
    0xcf, 0xff, 0xff, 0xff, 0x23, 0x55, 0xaf, 0x55,
    0x50, 0x0, 0x8, 0xf0, 0x0, 0x0, 0x0, 0x8f,
    0x0, 0x0, 0x0, 0x8, 0xf0, 0x0, 0x0, 0x0,
    0x8f, 0x0, 0x0, 0x0, 0x8, 0xf0, 0x0, 0x0,
    0x0, 0x8f, 0x0, 0x0, 0x0, 0x8, 0xf0, 0x0,
    0x0, 0x0, 0x8f, 0x0, 0x0, 0x0, 0x8, 0xf0,
    0x0, 0x0,

    /* U+0055 "U" */
    0x9d, 0x0, 0x0, 0x9, 0xd9, 0xd0, 0x0, 0x0,
    0x9d, 0x9d, 0x0, 0x0, 0x9, 0xd9, 0xd0, 0x0,
    0x0, 0x9d, 0x9d, 0x0, 0x0, 0x9, 0xd9, 0xd0,
    0x0, 0x0, 0x9d, 0x9d, 0x0, 0x0, 0x9, 0xd9,
    0xe0, 0x0, 0x0, 0xac, 0x7f, 0x10, 0x0, 0xd,
    0xa1, 0xfd, 0x64, 0x5b, 0xf4, 0x3, 0xbe, 0xff,
    0xb4, 0x0,

    /* U+0056 "V" */
    0x9e, 0x0, 0x0, 0x0, 0xf7, 0x3f, 0x40, 0x0,
    0x5, 0xf1, 0xe, 0x90, 0x0, 0xa, 0xc0, 0x8,
    0xe0, 0x0, 0xf, 0x60, 0x3, 0xf4, 0x0, 0x5f,
    0x10, 0x0, 0xd9, 0x0, 0xab, 0x0, 0x0, 0x8e,
    0x0, 0xf5, 0x0, 0x0, 0x2f, 0x45, 0xf0, 0x0,
    0x0, 0xd, 0x9a, 0xa0, 0x0, 0x0, 0x8, 0xef,
    0x50, 0x0, 0x0, 0x2, 0xff, 0x0, 0x0,

    /* U+0057 "W" */
    0x7f, 0x0, 0x0, 0x0, 0x0, 0x0, 0x9d, 0x3f,
    0x40, 0x0, 0x8b, 0x20, 0x0, 0xd9, 0xf, 0x70,
    0x0, 0xff, 0x60, 0x0, 0xf5, 0xc, 0xb0, 0x4,
    0xf9, 0xb0, 0x4, 0xf1, 0x8, 0xe0, 0x8, 0xa4,
    0xf0, 0x7, 0xd0, 0x4, 0xf2, 0xd, 0x60, 0xf4,
    0xb, 0xa0, 0x0, 0xf5, 0x1f, 0x10, 0xc8, 0xe,
    0x60, 0x0, 0xd9, 0x6d, 0x0, 0x7d, 0x2f, 0x20,
    0x0, 0x9d, 0xa8, 0x0, 0x3f, 0x7e, 0x0, 0x0,
    0x5f, 0xf4, 0x0, 0xe, 0xfa, 0x0, 0x0, 0x1f,
    0xf0, 0x0, 0xa, 0xf6, 0x0,

    /* U+0058 "X" */
    0x1e, 0xa0, 0x0, 0x6, 0xf2, 0x6, 0xf3, 0x0,
    0x1e, 0x70, 0x0, 0xcc, 0x0, 0xad, 0x0, 0x0,
    0x2f, 0x64, 0xf3, 0x0, 0x0, 0x8, 0xed, 0x80,
    0x0, 0x0, 0x2, 0xff, 0x20, 0x0, 0x0, 0xb,
    0xdc, 0xb0, 0x0, 0x0, 0x5f, 0x33, 0xf6, 0x0,
    0x1, 0xe9, 0x0, 0x9e, 0x10, 0xa, 0xe0, 0x0,
    0x1e, 0xa0, 0x4f, 0x40, 0x0, 0x6, 0xf4,

    /* U+0059 "Y" */
    0x9f, 0x10, 0x0, 0x7, 0xf2, 0x1e, 0xa0, 0x0,
    0x1f, 0x70, 0x5, 0xf4, 0x0, 0xac, 0x0, 0x0,
    0xbd, 0x4, 0xf3, 0x0, 0x0, 0x2f, 0x7d, 0x90,
    0x0, 0x0, 0x7, 0xfe, 0x0, 0x0, 0x0, 0x0,
    0xf7, 0x0, 0x0, 0x0, 0x0, 0xf7, 0x0, 0x0,
    0x0, 0x0, 0xf7, 0x0, 0x0, 0x0, 0x0, 0xf7,
    0x0, 0x0, 0x0, 0x0, 0xf7, 0x0, 0x0,

    /* U+005A "Z" */
    0xc, 0xff, 0xff, 0xff, 0xf0, 0x4, 0x55, 0x55,
    0x6f, 0xd0, 0x0, 0x0, 0x0, 0x9f, 0x20, 0x0,
    0x0, 0x5, 0xf4, 0x0, 0x0, 0x0, 0x3f, 0x80,
    0x0, 0x0, 0x1, 0xdb, 0x0, 0x0, 0x0, 0xb,
    0xd1, 0x0, 0x0, 0x0, 0x8f, 0x30, 0x0, 0x0,
    0x4, 0xf5, 0x0, 0x0, 0x0, 0xe, 0xd6, 0x66,
    0x66, 0x61, 0x1f, 0xff, 0xff, 0xff, 0xf5,

    /* U+005B "[" */
    0xef, 0xf2, 0xe9, 0x30, 0xe8, 0x0, 0xe8, 0x0,
    0xe8, 0x0, 0xe8, 0x0, 0xe8, 0x0, 0xe8, 0x0,
    0xe8, 0x0, 0xe8, 0x0, 0xe8, 0x0, 0xe8, 0x0,
    0xe8, 0x0, 0xe9, 0x30, 0xef, 0xf2,

    /* U+005C "\\" */
    0x6d, 0x0, 0x0, 0x0, 0xe, 0x40, 0x0, 0x0,
    0x8, 0xb0, 0x0, 0x0, 0x1, 0xf2, 0x0, 0x0,
    0x0, 0xa9, 0x0, 0x0, 0x0, 0x3f, 0x10, 0x0,
    0x0, 0xc, 0x70, 0x0, 0x0, 0x5, 0xe0, 0x0,
    0x0, 0x0, 0xe5, 0x0, 0x0, 0x0, 0x7c, 0x0,
    0x0, 0x0, 0x1f, 0x30, 0x0, 0x0, 0x9, 0xa0,
    0x0, 0x0, 0x2, 0xf2, 0x0, 0x0, 0x0, 0xb8,

    /* U+005D "]" */
    0x7f, 0xf9, 0x13, 0xd9, 0x0, 0xd9, 0x0, 0xd9,
    0x0, 0xd9, 0x0, 0xd9, 0x0, 0xd9, 0x0, 0xd9,
    0x0, 0xd9, 0x0, 0xd9, 0x0, 0xd9, 0x0, 0xd9,
    0x0, 0xd9, 0x13, 0xd9, 0x7f, 0xf9,

    /* U+005E "^" */
    0x0, 0xb, 0xf9, 0x0, 0x0, 0x2f, 0x9f, 0x0,
    0x0, 0x8c, 0xe, 0x60, 0x0, 0xe6, 0x8, 0xc0,
    0x6, 0xe0, 0x2, 0xf3, 0xc, 0x90, 0x0, 0xba,

    /* U+005F "_" */
    0xff, 0xff, 0xff, 0xff, 0x22, 0x22, 0x22, 0x22,

    /* U+0060 "`" */
    0x7, 0x60, 0x0, 0x5f, 0x30, 0x0, 0x8b, 0x0,

    /* U+0061 "a" */
    0x0, 0x1e, 0xff, 0xc4, 0x0, 0x0, 0x53, 0x4c,
    0xf1, 0x0, 0x0, 0x0, 0x2f, 0x40, 0x0, 0x0,
    0x1, 0xf5, 0x2, 0xae, 0xff, 0xff, 0x50, 0xdc,
    0x42, 0x23, 0xf5, 0x1f, 0x50, 0x0, 0x2f, 0x50,
    0xea, 0x11, 0x4c, 0xf5, 0x3, 0xcf, 0xfb, 0x3e,
    0x50,

    /* U+0062 "b" */
    0x8d, 0x0, 0x0, 0x0, 0x8, 0xd0, 0x0, 0x0,
    0x0, 0x8d, 0x0, 0x0, 0x0, 0x8, 0xd4, 0xdf,
    0xe9, 0x0, 0x8e, 0xc5, 0x36, 0xf9, 0x8, 0xf2,
    0x0, 0x8, 0xf0, 0x8d, 0x0, 0x0, 0x5f, 0x28,
    0xc0, 0x0, 0x4, 0xf2, 0x8d, 0x0, 0x0, 0x5f,
    0x18, 0xf2, 0x0, 0x8, 0xe0, 0x8e, 0xd5, 0x37,
    0xf8, 0x8, 0xb4, 0xdf, 0xe9, 0x0,

    /* U+0063 "c" */
    0x0, 0x6d, 0xff, 0xd2, 0x6, 0xf8, 0x44, 0x61,
    0xc, 0xb0, 0x0, 0x0, 0xf, 0x70, 0x0, 0x0,
    0xf, 0x60, 0x0, 0x0, 0xf, 0x70, 0x0, 0x0,
    0xc, 0xb0, 0x0, 0x0, 0x6, 0xf8, 0x44, 0x62,
    0x0, 0x6d, 0xff, 0xd2,

    /* U+0064 "d" */
    0x0, 0x0, 0x0, 0xa, 0xb0, 0x0, 0x0, 0x0,
    0xab, 0x0, 0x0, 0x0, 0xa, 0xb0, 0x7, 0xdf,
    0xe6, 0xab, 0x5, 0xf8, 0x34, 0xcd, 0xb0, 0xcb,
    0x0, 0x0, 0xfb, 0xf, 0x80, 0x0, 0xb, 0xb0,
    0xf7, 0x0, 0x0, 0xab, 0xf, 0x70, 0x0, 0xb,
    0xb0, 0xda, 0x0, 0x0, 0xeb, 0x7, 0xf5, 0x12,
    0xae, 0xb0, 0x8, 0xef, 0xe7, 0x8b,

    /* U+0065 "e" */
    0x0, 0x6d, 0xff, 0xb2, 0x0, 0x6f, 0x73, 0x3c,
    0xc0, 0xd, 0xa0, 0x0, 0x2f, 0x20, 0xf7, 0x12,
    0x35, 0xf4, 0xf, 0xed, 0xdd, 0xdd, 0x30, 0xf7,
    0x0, 0x0, 0x0, 0xc, 0xb0, 0x0, 0x0, 0x0,
    0x6f, 0x95, 0x46, 0x90, 0x0, 0x6d, 0xff, 0xd8,
    0x0,

    /* U+0066 "f" */
    0x0, 0x6d, 0xf8, 0x1, 0xf9, 0x21, 0x3, 0xf2,
    0x0, 0xbf, 0xff, 0xf2, 0x16, 0xf4, 0x20, 0x4,
    0xf1, 0x0, 0x4, 0xf1, 0x0, 0x4, 0xf1, 0x0,
    0x4, 0xf1, 0x0, 0x4, 0xf1, 0x0, 0x4, 0xf1,
    0x0, 0x4, 0xf1, 0x0,

    /* U+0067 "g" */
    0x0, 0x7d, 0xfd, 0x6a, 0xb0, 0x5f, 0x83, 0x4c,
    0xdb, 0xc, 0xb0, 0x0, 0xf, 0xb0, 0xf7, 0x0,
    0x0, 0xbb, 0xf, 0x70, 0x0, 0xa, 0xb0, 0xf7,
    0x0, 0x0, 0xbb, 0xd, 0xb0, 0x0, 0xe, 0xb0,
    0x7f, 0x83, 0x4b, 0xeb, 0x0, 0x8e, 0xfe, 0x7b,
    0xb0, 0x0, 0x0, 0x0, 0xe8, 0x0, 0x34, 0x35,
    0xce, 0x10, 0x7, 0xef, 0xea, 0x20,

    /* U+0068 "h" */
    0x8d, 0x0, 0x0, 0x0, 0x8d, 0x0, 0x0, 0x0,
    0x8d, 0x0, 0x0, 0x0, 0x8d, 0x5d, 0xfd, 0x70,
    0x8f, 0xd6, 0x49, 0xf3, 0x8f, 0x10, 0x0, 0xf7,
    0x8d, 0x0, 0x0, 0xe8, 0x8d, 0x0, 0x0, 0xe8,
    0x8d, 0x0, 0x0, 0xe8, 0x8d, 0x0, 0x0, 0xe8,
    0x8d, 0x0, 0x0, 0xe8, 0x8d, 0x0, 0x0, 0xe8,

    /* U+0069 "i" */
    0x9d, 0x58, 0x0, 0x8d, 0x8d, 0x8d, 0x8d, 0x8d,
    0x8d, 0x8d, 0x8d, 0x8d,

    /* U+006A "j" */
    0x0, 0x9, 0xd0, 0x0, 0x58, 0x0, 0x0, 0x0,
    0x0, 0x8d, 0x0, 0x8, 0xd0, 0x0, 0x8d, 0x0,
    0x8, 0xd0, 0x0, 0x8d, 0x0, 0x8, 0xd0, 0x0,
    0x8d, 0x0, 0x8, 0xd0, 0x0, 0x8d, 0x0, 0x9,
    0xc0, 0x34, 0xe8, 0x1f, 0xfb, 0x10,

    /* U+006B "k" */
    0x8d, 0x0, 0x0, 0x0, 0x8d, 0x0, 0x0, 0x0,
    0x8d, 0x0, 0x0, 0x0, 0x8d, 0x0, 0x1e, 0xa0,
    0x8d, 0x0, 0xcc, 0x0, 0x8d, 0x8, 0xe1, 0x0,
    0x8d, 0x4f, 0x30, 0x0, 0x8f, 0xf9, 0x0, 0x0,
    0x8d, 0x7f, 0x40, 0x0, 0x8d, 0x9, 0xe2, 0x0,
    0x8d, 0x0, 0xcd, 0x10, 0x8d, 0x0, 0x1e, 0xc0,

    /* U+006C "l" */
    0x8d, 0x0, 0x8d, 0x0, 0x8d, 0x0, 0x8d, 0x0,
    0x8d, 0x0, 0x8d, 0x0, 0x8d, 0x0, 0x8d, 0x0,
    0x8d, 0x0, 0x8d, 0x0, 0x8e, 0x31, 0x2d, 0xf4,

    /* U+006D "m" */
    0x8d, 0x8e, 0xfc, 0x36, 0xdf, 0xd4, 0x8, 0xfa,
    0x22, 0xcf, 0xc3, 0x29, 0xf1, 0x8e, 0x0, 0x6,
    0xf2, 0x0, 0x1f, 0x48, 0xd0, 0x0, 0x4f, 0x10,
    0x0, 0xf5, 0x8d, 0x0, 0x4, 0xf1, 0x0, 0xf,
    0x58, 0xd0, 0x0, 0x4f, 0x10, 0x0, 0xf5, 0x8d,
    0x0, 0x4, 0xf1, 0x0, 0xf, 0x58, 0xd0, 0x0,
    0x4f, 0x10, 0x0, 0xf5, 0x8d, 0x0, 0x4, 0xf1,
    0x0, 0xf, 0x50,

    /* U+006E "n" */
    0x8d, 0x6d, 0xfd, 0x70, 0x8f, 0xb3, 0x27, 0xf3,
    0x8f, 0x10, 0x0, 0xf7, 0x8d, 0x0, 0x0, 0xe8,
    0x8d, 0x0, 0x0, 0xe8, 0x8d, 0x0, 0x0, 0xe8,
    0x8d, 0x0, 0x0, 0xe8, 0x8d, 0x0, 0x0, 0xe8,
    0x8d, 0x0, 0x0, 0xe8,

    /* U+006F "o" */
    0x0, 0x6d, 0xff, 0xc5, 0x0, 0x6f, 0x73, 0x39,
    0xf4, 0xc, 0xa0, 0x0, 0xd, 0xa0, 0xf7, 0x0,
    0x0, 0x9d, 0xf, 0x60, 0x0, 0x8, 0xe0, 0xf7,
    0x0, 0x0, 0x9d, 0xc, 0xb0, 0x0, 0xc, 0xa0,
    0x6f, 0x83, 0x39, 0xf4, 0x0, 0x6d, 0xff, 0xc5,
    0x0,

    /* U+0070 "p" */
    0x8d, 0x5d, 0xfe, 0x90, 0x8, 0xeb, 0x31, 0x4e,
    0x90, 0x8f, 0x10, 0x0, 0x8f, 0x8, 0xd0, 0x0,
    0x4, 0xf2, 0x8c, 0x0, 0x0, 0x4f, 0x28, 0xe0,
    0x0, 0x5, 0xf1, 0x8f, 0x30, 0x0, 0x9e, 0x8,
    0xed, 0x53, 0x7f, 0x80, 0x8d, 0x4d, 0xfe, 0x90,
    0x8, 0xd0, 0x0, 0x0, 0x0, 0x8d, 0x0, 0x0,
    0x0, 0x8, 0xd0, 0x0, 0x0, 0x0,

    /* U+0071 "q" */
    0x0, 0x7d, 0xfe, 0x6a, 0xb0, 0x5f, 0x83, 0x4c,
    0xdb, 0xc, 0xb0, 0x0, 0xf, 0xb0, 0xf7, 0x0,
    0x0, 0xbb, 0xf, 0x70, 0x0, 0xa, 0xb0, 0xf7,
    0x0, 0x0, 0xbb, 0xd, 0xb0, 0x0, 0xf, 0xb0,
    0x7f, 0x83, 0x5c, 0xdb, 0x0, 0x8e, 0xfe, 0x6a,
    0xb0, 0x0, 0x0, 0x0, 0xab, 0x0, 0x0, 0x0,
    0xa, 0xb0, 0x0, 0x0, 0x0, 0xab,

    /* U+0072 "r" */
    0x8d, 0x4d, 0xb8, 0xec, 0x41, 0x8f, 0x20, 0x8,
    0xd0, 0x0, 0x8d, 0x0, 0x8, 0xd0, 0x0, 0x8d,
    0x0, 0x8, 0xd0, 0x0, 0x8d, 0x0, 0x0,

    /* U+0073 "s" */
    0x1, 0xae, 0xfe, 0x40, 0xac, 0x32, 0x42, 0xe,
    0x60, 0x0, 0x0, 0xbd, 0x51, 0x0, 0x1, 0x8e,
    0xfb, 0x10, 0x0, 0x2, 0xd9, 0x0, 0x0, 0x9,
    0xb0, 0x53, 0x24, 0xe7, 0xd, 0xff, 0xe8, 0x0,

    /* U+0074 "t" */
    0x7, 0xe0, 0x0, 0x7, 0xe0, 0x0, 0xcf, 0xff,
    0xf0, 0x29, 0xe3, 0x30, 0x7, 0xe0, 0x0, 0x7,
    0xe0, 0x0, 0x7, 0xe0, 0x0, 0x7, 0xe0, 0x0,
    0x7, 0xe0, 0x0, 0x5, 0xf5, 0x30, 0x0, 0xbf,
    0xf1,

    /* U+0075 "u" */
    0x9c, 0x0, 0x0, 0xf5, 0x9c, 0x0, 0x0, 0xf5,
    0x9c, 0x0, 0x0, 0xf5, 0x9c, 0x0, 0x0, 0xf5,
    0x9c, 0x0, 0x0, 0xf5, 0x9c, 0x0, 0x0, 0xf5,
    0x8d, 0x0, 0x3, 0xf5, 0x5f, 0x51, 0x4c, 0xf5,
    0x8, 0xef, 0xd5, 0xe5,

    /* U+0076 "v" */
    0xab, 0x0, 0x0, 0x5f, 0x14, 0xf1, 0x0, 0xb,
    0xb0, 0xe, 0x60, 0x1, 0xf5, 0x0, 0x9c, 0x0,
    0x6f, 0x0, 0x3, 0xf1, 0xb, 0xa0, 0x0, 0xd,
    0x71, 0xf4, 0x0, 0x0, 0x8c, 0x6e, 0x0, 0x0,
    0x2, 0xfd, 0x90, 0x0, 0x0, 0xc, 0xf3, 0x0,
    0x0,

    /* U+0077 "w" */
    0x8d, 0x0, 0x5, 0xf9, 0x0, 0x9, 0xc4, 0xf1,
    0x0, 0xae, 0xd0, 0x0, 0xd8, 0xf, 0x50, 0xe,
    0x6f, 0x20, 0x1f, 0x30, 0xb9, 0x3, 0xf0, 0xc7,
    0x4, 0xf0, 0x7, 0xd0, 0x7b, 0x8, 0xb0, 0x8b,
    0x0, 0x3f, 0xc, 0x60, 0x3f, 0xc, 0x70, 0x0,
    0xf5, 0xf2, 0x0, 0xe5, 0xf2, 0x0, 0xb, 0xdd,
    0x0, 0xa, 0xde, 0x0, 0x0, 0x7f, 0x80, 0x0,
    0x5f, 0xa0, 0x0,

    /* U+0078 "x" */
    0x4f, 0x30, 0x0, 0xe8, 0x0, 0xad, 0x0, 0x8e,
    0x0, 0x1, 0xe7, 0x2f, 0x40, 0x0, 0x6, 0xfc,
    0xa0, 0x0, 0x0, 0xe, 0xf4, 0x0, 0x0, 0x8,
    0xeb, 0xc0, 0x0, 0x2, 0xf5, 0x1f, 0x60, 0x0,
    0xcb, 0x0, 0x7f, 0x10, 0x7f, 0x10, 0x0, 0xdb,
    0x0,

    /* U+0079 "y" */
    0xad, 0x0, 0x0, 0x4f, 0x14, 0xf2, 0x0, 0xa,
    0xb0, 0xd, 0x80, 0x0, 0xf5, 0x0, 0x7e, 0x0,
    0x5f, 0x0, 0x1, 0xf4, 0xa, 0x90, 0x0, 0xa,
    0xa0, 0xf4, 0x0, 0x0, 0x4f, 0x6e, 0x0, 0x0,
    0x0, 0xdf, 0x80, 0x0, 0x0, 0x8, 0xf2, 0x0,
    0x0, 0x0, 0xbb, 0x0, 0x0, 0x4, 0x9f, 0x30,
    0x0, 0x0, 0xec, 0x40, 0x0, 0x0,

    /* U+007A "z" */
    0xe, 0xff, 0xff, 0xf4, 0x3, 0x33, 0x3c, 0xe1,
    0x0, 0x0, 0x6f, 0x30, 0x0, 0x2, 0xf7, 0x0,
    0x0, 0xd, 0xb0, 0x0, 0x0, 0x9e, 0x10, 0x0,
    0x5, 0xf4, 0x0, 0x0, 0x1e, 0xb4, 0x44, 0x42,
    0x4f, 0xff, 0xff, 0xf8,

    /* U+007B "{" */
    0x0, 0x6e, 0x30, 0xf, 0x91, 0x2, 0xf3, 0x0,
    0x3f, 0x30, 0x3, 0xf3, 0x0, 0x3f, 0x30, 0x6,
    0xf1, 0x3, 0xfa, 0x0, 0x8, 0xf1, 0x0, 0x3f,
    0x30, 0x3, 0xf3, 0x0, 0x3f, 0x30, 0x2, 0xf3,
    0x0, 0xf, 0x91, 0x0, 0x6e, 0x30,

    /* U+007C "|" */
    0x3f, 0x23, 0xf2, 0x3f, 0x23, 0xf2, 0x3f, 0x23,
    0xf2, 0x3f, 0x23, 0xf2, 0x3f, 0x23, 0xf2, 0x3f,
    0x23, 0xf2, 0x3f, 0x23, 0xf2, 0x3f, 0x20,

    /* U+007D "}" */
    0x7d, 0x30, 0x2c, 0xc0, 0x6, 0xf0, 0x6, 0xf0,
    0x6, 0xf0, 0x6, 0xf0, 0x5, 0xf2, 0x0, 0xdf,
    0x4, 0xf5, 0x6, 0xf0, 0x6, 0xf0, 0x6, 0xf0,
    0x6, 0xf0, 0x2c, 0xd0, 0x7d, 0x30,

    /* U+007E "~" */
    0x0, 0x0, 0x0, 0x0, 0x0, 0xbf, 0xe9, 0x33,
    0xf4, 0x6d, 0x3, 0xbf, 0xfc, 0x0, 0x10, 0x0,
    0x12, 0x0,

    /* U+4E0A "上" */
    0x0, 0x0, 0x0, 0x19, 0x0, 0x0, 0x0, 0x0,
    0x0, 0x0, 0x2, 0xf1, 0x0, 0x0, 0x0, 0x0,
    0x0, 0x0, 0x2f, 0x10, 0x0, 0x0, 0x0, 0x0,
    0x0, 0x2, 0xf1, 0x0, 0x0, 0x0, 0x0, 0x0,
    0x0, 0x2f, 0x43, 0x33, 0x33, 0x0, 0x0, 0x0,
    0x2, 0xff, 0xff, 0xff, 0xe0, 0x0, 0x0, 0x0,
    0x2f, 0x10, 0x0, 0x0, 0x0, 0x0, 0x0, 0x2,
    0xf1, 0x0, 0x0, 0x0, 0x0, 0x0, 0x0, 0x2f,
    0x10, 0x0, 0x0, 0x0, 0x0, 0x0, 0x2, 0xf1,
    0x0, 0x0, 0x0, 0x0, 0x0, 0x0, 0x2f, 0x10,
    0x0, 0x0, 0x0, 0x0, 0x0, 0x2, 0xf1, 0x0,
    0x0, 0x0, 0x3, 0x33, 0x33, 0x5f, 0x43, 0x33,
    0x33, 0x23, 0xff, 0xff, 0xff, 0xff, 0xff, 0xff,
    0xff,

    /* U+4E2D "中" */
    0x0, 0x0, 0x0, 0x72, 0x0, 0x0, 0x0, 0x0,
    0x0, 0xe, 0x50, 0x0, 0x0, 0x0, 0x0, 0x0,
    0xe5, 0x0, 0x0, 0x2, 0xff, 0xff, 0xff, 0xff,
    0xff, 0xf8, 0x2f, 0x43, 0x33, 0xf8, 0x33, 0x3c,
    0x82, 0xf1, 0x0, 0xe, 0x50, 0x0, 0xb8, 0x2f,
    0x10, 0x0, 0xe5, 0x0, 0xb, 0x82, 0xf1, 0x0,
    0xe, 0x50, 0x0, 0xb8, 0x2f, 0x43, 0x33, 0xf7,
    0x33, 0x3c, 0x82, 0xff, 0xff, 0xff, 0xff, 0xff,
    0xf8, 0x0, 0x0, 0x0, 0xe5, 0x0, 0x0, 0x0,
    0x0, 0x0, 0xe, 0x50, 0x0, 0x0, 0x0, 0x0,
    0x0, 0xe5, 0x0, 0x0, 0x0, 0x0, 0x0, 0xe,
    0x50, 0x0, 0x0, 0x0, 0x0, 0x0, 0xe5, 0x0,
    0x0, 0x0,

    /* U+4EF6 "件" */
    0x0, 0x0, 0x10, 0x0, 0x2, 0x60, 0x0, 0x0,
    0x0, 0x5, 0xe0, 0x19, 0x14, 0xe0, 0x0, 0x0,
    0x0, 0xb, 0x90, 0x5e, 0x4, 0xe0, 0x0, 0x0,
    0x0, 0x2f, 0x20, 0xac, 0x47, 0xf4, 0x44, 0x20,
    0x0, 0xaf, 0x0, 0xee, 0xde, 0xfd, 0xdd, 0x60,
    0x3, 0xff, 0x4, 0xf1, 0x4, 0xe0, 0x0, 0x0,
    0xd, 0xbf, 0xb, 0xa0, 0x4, 0xe0, 0x0, 0x0,
    0x7d, 0x3f, 0x5, 0x30, 0x4, 0xe0, 0x0, 0x0,
    0x13, 0x2f, 0x5, 0x55, 0x58, 0xf5, 0x55, 0x50,
    0x0, 0x2f, 0x1c, 0xcc, 0xcd, 0xfc, 0xcc, 0xc2,
    0x0, 0x2f, 0x0, 0x0, 0x4, 0xe0, 0x0, 0x0,
    0x0, 0x2f, 0x0, 0x0, 0x4, 0xe0, 0x0, 0x0,
    0x0, 0x2f, 0x0, 0x0, 0x4, 0xe0, 0x0, 0x0,
    0x0, 0x2f, 0x0, 0x0, 0x4, 0xe0, 0x0, 0x0,
    0x0, 0x2f, 0x0, 0x0, 0x4, 0xe0, 0x0, 0x0,

    /* U+4F1A "会" */
    0x0, 0x0, 0x0, 0x4e, 0x80, 0x0, 0x0, 0x0,
    0x0, 0x0, 0x2e, 0x8e, 0x70, 0x0, 0x0, 0x0,
    0x0, 0x3e, 0x80, 0x3f, 0x80, 0x0, 0x0, 0x0,
    0x7f, 0x70, 0x0, 0x2d, 0xb1, 0x0, 0x3, 0xce,
    0x40, 0x0, 0x0, 0xa, 0xf7, 0x5, 0xf9, 0x7f,
    0xff, 0xff, 0xff, 0xa5, 0xea, 0x2, 0x0, 0x22,
    0x22, 0x22, 0x21, 0x0, 0x10, 0x0, 0x0, 0x0,
    0x0, 0x0, 0x0, 0x0, 0xc, 0xee, 0xee, 0xee,
    0xee, 0xee, 0xee, 0x10, 0x23, 0x33, 0x9f, 0x43,
    0x43, 0x33, 0x30, 0x0, 0x0, 0x3f, 0x50, 0xb,
    0x90, 0x0, 0x0, 0x0, 0x1e, 0x90, 0x0, 0x3f,
    0x60, 0x0, 0x0, 0x2d, 0xd3, 0x33, 0x45, 0xbf,
    0x30, 0x0, 0xc, 0xff, 0xee, 0xdc, 0xcb, 0xdd,
    0x0, 0x0, 0x10, 0x0, 0x0, 0x0, 0x0, 0x90,
    0x0,

    /* U+4F20 "传" */
    0x0, 0x0, 0x0, 0x0, 0x0, 0x0, 0x0, 0x0,
    0x0, 0x1f, 0x30, 0x8, 0xb0, 0x0, 0x0, 0x0,
    0x6, 0xd0, 0x0, 0xa8, 0x0, 0x0, 0x0, 0x0,
    0xd7, 0x7d, 0xdf, 0xed, 0xdd, 0xd1, 0x0, 0x5f,
    0x12, 0x45, 0xf5, 0x44, 0x44, 0x0, 0xd, 0xf0,
    0x0, 0x4e, 0x0, 0x0, 0x0, 0x7, 0xef, 0x5e,
    0xee, 0xfe, 0xee, 0xee, 0xc3, 0xf6, 0xf1, 0x33,
    0xe7, 0x33, 0x33, 0x32, 0x69, 0x2f, 0x0, 0x3f,
    0x10, 0x0, 0x0, 0x0, 0x2, 0xf0, 0x6, 0xff,
    0xff, 0xff, 0x60, 0x0, 0x2f, 0x0, 0x2, 0x22,
    0x26, 0xf3, 0x0, 0x2, 0xf0, 0x5, 0x30, 0x0,
    0xd9, 0x0, 0x0, 0x2f, 0x0, 0x9f, 0xc5, 0x8d,
    0x0, 0x0, 0x2, 0xf0, 0x0, 0x29, 0xff, 0x70,
    0x0, 0x0, 0x2f, 0x0, 0x0, 0x2, 0xaf, 0xb1,
    0x0, 0x2, 0xf0, 0x0, 0x0, 0x0, 0x4e, 0x20,
    0x0, 0x0, 0x0, 0x0, 0x0, 0x0, 0x0, 0x0,

    /* U+4FDD "保" */
    0x0, 0x0, 0x80, 0x0, 0x0, 0x0, 0x0, 0x0,
    0x0, 0x5, 0xd0, 0xff, 0xff, 0xff, 0xf4, 0x0,
    0x0, 0xb, 0x70, 0xf5, 0x11, 0x11, 0xe4, 0x0,
    0x0, 0x2f, 0x10, 0xf4, 0x0, 0x0, 0xe4, 0x0,
    0x0, 0x9f, 0x0, 0xf6, 0x22, 0x22, 0xe4, 0x0,
    0x2, 0xff, 0x0, 0xef, 0xff, 0xff, 0xf4, 0x0,
    0xc, 0xdf, 0x0, 0x0, 0x2, 0x0, 0x0, 0x0,
    0x6e, 0x4f, 0x2, 0x22, 0x2e, 0x42, 0x22, 0x0,
    0x3, 0x3f, 0x2f, 0xff, 0xff, 0xff, 0xff, 0x70,
    0x0, 0x3f, 0x0, 0x0, 0xaf, 0xd0, 0x0, 0x0,
    0x0, 0x3f, 0x0, 0x8, 0xdf, 0xbb, 0x0, 0x0,
    0x0, 0x3f, 0x0, 0x9e, 0x1e, 0x3a, 0xc2, 0x0,
    0x0, 0x3f, 0x3c, 0xd2, 0xe, 0x30, 0x9f, 0x70,
    0x0, 0x3f, 0x8a, 0x10, 0xe, 0x30, 0x5, 0xa0,
    0x0, 0x3f, 0x0, 0x0, 0xe, 0x30, 0x0, 0x0,

    /* U+5019 "候" */
    0x0, 0x9, 0x30, 0x0, 0x0, 0x0, 0x0, 0x0,
    0x0, 0x1f, 0x10, 0xc, 0xff, 0xff, 0xf0, 0x0,
    0x0, 0x6b, 0x3d, 0x0, 0x0, 0x4, 0xf0, 0x0,
    0x0, 0xc6, 0x3d, 0x12, 0x22, 0x27, 0xe2, 0x10,
    0x3, 0xf4, 0x3d, 0x9e, 0xee, 0xee, 0xee, 0xb0,
    0xb, 0xf4, 0x3d, 0x3, 0xa0, 0x0, 0x0, 0x0,
    0x3f, 0xd4, 0x3d, 0x9, 0xd8, 0x88, 0x88, 0x0,
    0xb7, 0xc4, 0x3d, 0x2e, 0x89, 0xf8, 0x87, 0x0,
    0x20, 0xc4, 0x3d, 0x67, 0x3, 0xe0, 0x0, 0x0,
    0x0, 0xc4, 0x3d, 0x8b, 0xbc, 0xfb, 0xbb, 0x60,
    0x0, 0xc4, 0x3d, 0x34, 0x4a, 0xf6, 0x44, 0x20,
    0x0, 0xc4, 0x3d, 0x0, 0x1e, 0xca, 0x0, 0x0,
    0x0, 0xc4, 0x2, 0x1, 0xcb, 0xc, 0xa0, 0x0,
    0x0, 0xc4, 0x0, 0x7e, 0xa0, 0x1, 0xce, 0x70,
    0x0, 0xc4, 0x1, 0xd5, 0x0, 0x0, 0x8, 0xa0,
    0x0, 0x0, 0x0, 0x0, 0x0, 0x0, 0x0, 0x0,

    /* U+505C "停" */
    0x0, 0x1, 0x80, 0x0, 0xa, 0x40, 0x0, 0x0,
    0x0, 0x7d, 0x1, 0x11, 0xab, 0x11, 0x11, 0x0,
    0xd, 0x88, 0xff, 0xff, 0xff, 0xff, 0xe0, 0x4,
    0xf2, 0x0, 0x11, 0x11, 0x11, 0x0, 0x0, 0xbe,
    0x0, 0xae, 0xcc, 0xcc, 0xdb, 0x0, 0x4f, 0xe0,
    0xa, 0xa5, 0x55, 0x59, 0xb0, 0xd, 0xce, 0x0,
    0x46, 0x66, 0x66, 0x64, 0x2, 0xb3, 0xe0, 0xac,
    0xcc, 0xcc, 0xcc, 0xca, 0x0, 0x3e, 0xe, 0x74,
    0x44, 0x44, 0x47, 0xe0, 0x3, 0xe0, 0xd4, 0x11,
    0x11, 0x11, 0x4d, 0x0, 0x3e, 0x0, 0x5e, 0xef,
    0xfe, 0xe5, 0x0, 0x3, 0xe0, 0x0, 0x0, 0x6c,
    0x0, 0x0, 0x0, 0x3e, 0x0, 0x0, 0x6, 0xc0,
    0x0, 0x0, 0x3, 0xe0, 0x0, 0x13, 0xab, 0x0,
    0x0, 0x0, 0x3e, 0x0, 0x6, 0xec, 0x40, 0x0,
    0x0,

    /* U+50A8 "储" */
    0x0, 0x3, 0xa0, 0x20, 0x0, 0xb1, 0x0, 0x0,
    0x0, 0x8, 0xa5, 0xc0, 0x0, 0xe2, 0x3, 0x90,
    0x0, 0xd, 0x50, 0xc6, 0xcf, 0xff, 0xea, 0x70,
    0x0, 0x3f, 0x0, 0x46, 0x0, 0xe2, 0x2e, 0x10,
    0x0, 0xad, 0x1, 0x0, 0x0, 0xe2, 0xc6, 0x0,
    0x2, 0xfd, 0x7f, 0xe5, 0xff, 0xff, 0xff, 0xf3,
    0xa, 0xbd, 0x3, 0xe0, 0x0, 0x7d, 0x10, 0x0,
    0x1e, 0x4d, 0x2, 0xe0, 0x8, 0xf5, 0x33, 0x0,
    0x2, 0x3d, 0x2, 0xe1, 0xcf, 0xcc, 0xcf, 0x0,
    0x0, 0x3d, 0x2, 0xe5, 0x6f, 0x0, 0xf, 0x0,
    0x0, 0x3d, 0x2, 0xe0, 0x2f, 0xff, 0xff, 0x0,
    0x0, 0x3d, 0x2, 0xfc, 0x6f, 0x0, 0xf, 0x0,
    0x0, 0x3d, 0x3, 0xfa, 0xf, 0x11, 0x1f, 0x0,
    0x0, 0x3d, 0x6, 0xa0, 0xf, 0xee, 0xef, 0x0,
    0x0, 0x3d, 0x0, 0x0, 0xf, 0x0, 0xf, 0x0,
    0x0, 0x0, 0x0, 0x0, 0x0, 0x0, 0x0, 0x0,

    /* U+514B "克" */
    0x0, 0x0, 0x0, 0x8, 0x30, 0x0, 0x0, 0x0,
    0x12, 0x22, 0x22, 0xd6, 0x22, 0x22, 0x20, 0xe,
    0xff, 0xff, 0xff, 0xff, 0xff, 0xff, 0x60, 0x0,
    0x0, 0x0, 0xd5, 0x0, 0x0, 0x0, 0x0, 0x2,
    0x22, 0x2d, 0x72, 0x22, 0x20, 0x0, 0x4, 0xff,
    0xff, 0xff, 0xff, 0xfd, 0x0, 0x0, 0x4d, 0x0,
    0x0, 0x0, 0x4, 0xd0, 0x0, 0x4, 0xd0, 0x0,
    0x0, 0x0, 0x4d, 0x0, 0x0, 0x4f, 0xee, 0xee,
    0xee, 0xef, 0xd0, 0x0, 0x0, 0x33, 0xd8, 0x36,
    0xe3, 0x32, 0x0, 0x0, 0x0, 0xf, 0x30, 0x4e,
    0x0, 0x2, 0x10, 0x0, 0x9, 0xd0, 0x4, 0xe0,
    0x0, 0x89, 0x0, 0x3b, 0xe2, 0x0, 0x3f, 0x31,
    0x2d, 0x60, 0xcf, 0x91, 0x0, 0x0, 0xbf, 0xff,
    0xc1, 0x6, 0x10, 0x0, 0x0, 0x0, 0x0, 0x0,
    0x0,

    /* U+5165 "入" */
    0x0, 0x0, 0x2, 0x0, 0x0, 0x0, 0x0, 0x0,
    0x0, 0x0, 0xc, 0xb0, 0x0, 0x0, 0x0, 0x0,
    0x0, 0x0, 0x1, 0xca, 0x0, 0x0, 0x0, 0x0,
    0x0, 0x0, 0x0, 0x1f, 0x40, 0x0, 0x0, 0x0,
    0x0, 0x0, 0x0, 0xf, 0xb0, 0x0, 0x0, 0x0,
    0x0, 0x0, 0x0, 0x5f, 0xf2, 0x0, 0x0, 0x0,
    0x0, 0x0, 0x0, 0xc9, 0xa9, 0x0, 0x0, 0x0,
    0x0, 0x0, 0x4, 0xf2, 0x3f, 0x10, 0x0, 0x0,
    0x0, 0x0, 0xd, 0x90, 0xb, 0xb0, 0x0, 0x0,
    0x0, 0x0, 0x8e, 0x10, 0x2, 0xf5, 0x0, 0x0,
    0x0, 0x5, 0xf4, 0x0, 0x0, 0x8f, 0x20, 0x0,
    0x0, 0x4f, 0x70, 0x0, 0x0, 0xc, 0xe1, 0x0,
    0x5, 0xf9, 0x0, 0x0, 0x0, 0x1, 0xde, 0x20,
    0x1f, 0x80, 0x0, 0x0, 0x0, 0x0, 0x1d, 0xc0,
    0x1, 0x0, 0x0, 0x0, 0x0, 0x0, 0x0, 0x10,

    /* U+5173 "关" */
    0x0, 0x0, 0x0, 0x0, 0x0, 0x0, 0x0, 0x0,
    0x0, 0x3d, 0x0, 0x0, 0xb, 0x80, 0x0, 0x0,
    0x0, 0xc9, 0x0, 0x4, 0xf2, 0x0, 0x0, 0x0,
    0x3, 0xf1, 0x1, 0xe7, 0x0, 0x0, 0x1, 0xff,
    0xff, 0xff, 0xff, 0xff, 0xf3, 0x0, 0x3, 0x33,
    0x33, 0xf6, 0x33, 0x33, 0x0, 0x0, 0x0, 0x0,
    0xf, 0x30, 0x0, 0x0, 0x0, 0x0, 0x0, 0x0,
    0xf3, 0x0, 0x0, 0x0, 0xe, 0xff, 0xff, 0xff,
    0xff, 0xff, 0xff, 0x10, 0x34, 0x44, 0x48, 0xf9,
    0x44, 0x44, 0x40, 0x0, 0x0, 0x0, 0xcd, 0xe0,
    0x0, 0x0, 0x0, 0x0, 0x0, 0xad, 0x1c, 0xc0,
    0x0, 0x0, 0x0, 0x2, 0xcd, 0x20, 0x2d, 0xc3,
    0x0, 0x0, 0x2a, 0xfa, 0x10, 0x0, 0x1b, 0xfa,
    0x40, 0x3f, 0xc4, 0x0, 0x0, 0x0, 0x5, 0xcf,
    0x70, 0x30, 0x0, 0x0, 0x0, 0x0, 0x0, 0x20,

    /* U+5199 "写" */
    0x2f, 0xff, 0xff, 0xff, 0xff, 0xff, 0xf2, 0xf4,
    0x33, 0x33, 0x33, 0x33, 0x6f, 0x2f, 0x2d, 0x20,
    0x0, 0x0, 0x4, 0xf1, 0x73, 0xf6, 0x55, 0x55,
    0x55, 0x36, 0x0, 0x4f, 0xcc, 0xcc, 0xcc, 0xc5,
    0x0, 0x5, 0xe0, 0x0, 0x0, 0x0, 0x0, 0x0,
    0x7d, 0x44, 0x44, 0x44, 0x44, 0x10, 0x7, 0xdd,
    0xdd, 0xdd, 0xdd, 0xf4, 0x0, 0x0, 0x0, 0x0,
    0x0, 0xf, 0x34, 0x44, 0x44, 0x44, 0x44, 0x31,
    0xf2, 0xcd, 0xdd, 0xdd, 0xdd, 0xda, 0x2f, 0x20,
    0x0, 0x0, 0x0, 0x0, 0x6, 0xf0, 0x0, 0x0,
    0x0, 0x2, 0xab, 0xfa, 0x0, 0x0, 0x0, 0x0,
    0x18, 0x74, 0x0,

    /* U+51C6 "准" */
    0x0, 0x0, 0x0, 0x49, 0x3, 0x50, 0x0, 0x0,
    0x88, 0x0, 0xa, 0xa0, 0x4e, 0x0, 0x0, 0x3,
    0xf2, 0x0, 0xf7, 0x23, 0xf5, 0x22, 0x10, 0xb,
    0xa0, 0x6f, 0xee, 0xef, 0xee, 0xe8, 0x0, 0x3f,
    0x2e, 0xe0, 0x0, 0xf2, 0x0, 0x0, 0x0, 0x59,
    0xfe, 0x11, 0x2f, 0x31, 0x10, 0x0, 0x3, 0xf7,
    0xff, 0xff, 0xff, 0xff, 0x40, 0x0, 0x15, 0x4e,
    0x0, 0xf, 0x20, 0x0, 0x0, 0x1f, 0x14, 0xe0,
    0x1, 0xf2, 0x0, 0x0, 0x6, 0xc0, 0x4f, 0xff,
    0xff, 0xff, 0xf4, 0x0, 0xc7, 0x4, 0xe0, 0x1,
    0xf2, 0x0, 0x0, 0x3f, 0x20, 0x4e, 0x0, 0xf,
    0x20, 0x0, 0xa, 0xc0, 0x4, 0xfe, 0xee, 0xfe,
    0xee, 0xc0, 0xc5, 0x0, 0x4e, 0x22, 0x22, 0x22,
    0x22, 0x0, 0x0, 0x4, 0xe0, 0x0, 0x0, 0x0,
    0x0,

    /* U+52A1 "务" */
    0x0, 0x0, 0x9, 0x40, 0x0, 0x0, 0x0, 0x0,
    0x0, 0x0, 0x7f, 0x54, 0x44, 0x44, 0x20, 0x0,
    0x0, 0x5, 0xfc, 0xbb, 0xbb, 0xcf, 0xa0, 0x0,
    0x0, 0x5f, 0xdb, 0x0, 0x2, 0xdb, 0x10, 0x0,
    0x7, 0xe3, 0x1c, 0xd2, 0x6f, 0x80, 0x0, 0x0,
    0x3, 0x10, 0x0, 0xcf, 0xf7, 0x0, 0x0, 0x0,
    0x0, 0x4, 0x9e, 0xd7, 0x9f, 0xd8, 0x41, 0x0,
    0x3b, 0xfe, 0xa4, 0x72, 0x0, 0x59, 0xdf, 0xd0,
    0x17, 0x41, 0x11, 0xf5, 0x11, 0x11, 0x11, 0x30,
    0x0, 0xcf, 0xff, 0xff, 0xff, 0xff, 0xc0, 0x0,
    0x0, 0x0, 0x7, 0xd0, 0x0, 0x8, 0xa0, 0x0,
    0x0, 0x0, 0x1e, 0x60, 0x0, 0xa, 0x90, 0x0,
    0x0, 0x3, 0xdb, 0x0, 0x0, 0xd, 0x60, 0x0,
    0x5, 0xbf, 0x80, 0x0, 0x4a, 0xdf, 0x20, 0x0,
    0x9, 0x81, 0x0, 0x0, 0x17, 0x52, 0x0, 0x0,

    /* U+53E3 "口" */
    0x44, 0x44, 0x44, 0x44, 0x44, 0x40, 0xdf, 0xff,
    0xff, 0xff, 0xff, 0xf1, 0xd6, 0x0, 0x0, 0x0,
    0x2, 0xf1, 0xd6, 0x0, 0x0, 0x0, 0x2, 0xf1,
    0xd6, 0x0, 0x0, 0x0, 0x2, 0xf1, 0xd6, 0x0,
    0x0, 0x0, 0x2, 0xf1, 0xd6, 0x0, 0x0, 0x0,
    0x2, 0xf1, 0xd6, 0x0, 0x0, 0x0, 0x2, 0xf1,
    0xd6, 0x0, 0x0, 0x0, 0x2, 0xf1, 0xd6, 0x0,
    0x0, 0x0, 0x2, 0xf1, 0xd9, 0x44, 0x44, 0x44,
    0x46, 0xf1, 0xdf, 0xff, 0xff, 0xff, 0xff, 0xf1,
    0xd6, 0x0, 0x0, 0x0, 0x2, 0xf1, 0x10, 0x0,
    0x0, 0x0, 0x0, 0x0,

    /* U+53EF "可" */
    0xbf, 0xff, 0xff, 0xff, 0xff, 0xff, 0xfe, 0x22,
    0x22, 0x22, 0x22, 0x22, 0x7d, 0x22, 0x0, 0x0,
    0x0, 0x0, 0x0, 0x5d, 0x0, 0x0, 0x33, 0x33,
    0x32, 0x0, 0x5d, 0x0, 0x1, 0xfe, 0xee, 0xfd,
    0x0, 0x5d, 0x0, 0x1, 0xf1, 0x0, 0x5d, 0x0,
    0x5d, 0x0, 0x1, 0xf1, 0x0, 0x5d, 0x0, 0x5d,
    0x0, 0x1, 0xf1, 0x0, 0x5d, 0x0, 0x5d, 0x0,
    0x1, 0xf1, 0x0, 0x5d, 0x0, 0x5d, 0x0, 0x1,
    0xff, 0xff, 0xfd, 0x0, 0x5d, 0x0, 0x0, 0x11,
    0x11, 0x11, 0x0, 0x5d, 0x0, 0x0, 0x0, 0x0,
    0x0, 0x0, 0x7d, 0x0, 0x0, 0x0, 0x0, 0x0,
    0x8e, 0xf9, 0x0, 0x0, 0x0, 0x0, 0x0, 0x24,
    0x20, 0x0,

    /* U+5668 "器" */
    0x1, 0xff, 0xff, 0xf0, 0x9f, 0xff, 0xf7, 0x0,
    0x1f, 0x0, 0x1f, 0x9, 0x70, 0x9, 0x70, 0x1,
    0xf1, 0x12, 0xf0, 0x98, 0x11, 0x97, 0x0, 0x1e,
    0xee, 0xee, 0x8, 0xef, 0xee, 0x70, 0x0, 0x0,
    0x0, 0x2d, 0x10, 0xc6, 0x0, 0x0, 0xef, 0xff,
    0xff, 0xff, 0xff, 0xff, 0xf5, 0x0, 0x11, 0x1b,
    0xe2, 0x9e, 0x31, 0x11, 0x0, 0x2, 0x7e, 0xc2,
    0x0, 0x7f, 0x93, 0x0, 0x5e, 0xfe, 0x83, 0x30,
    0x13, 0x4c, 0xff, 0xa1, 0x5f, 0xcc, 0xcf, 0xa,
    0xdc, 0xce, 0x94, 0x0, 0xf1, 0x1, 0xf0, 0xa7,
    0x0, 0xa7, 0x0, 0xf, 0x21, 0x2f, 0xa, 0x71,
    0x1a, 0x70, 0x0, 0xfd, 0xdd, 0xf0, 0xae, 0xdd,
    0xe7, 0x0, 0xf, 0x10, 0x1f, 0xa, 0x70, 0xa,
    0x70,

    /* U+5728 "在" */
    0x0, 0x0, 0x0, 0x0, 0x0, 0x0, 0x0, 0x0,
    0x0, 0x0, 0xe, 0x30, 0x0, 0x0, 0x0, 0x0,
    0x0, 0x5, 0xe0, 0x0, 0x0, 0x0, 0x1, 0xff,
    0xff, 0xff, 0xff, 0xff, 0xff, 0xf8, 0x3, 0x33,
    0x6f, 0x33, 0x33, 0x33, 0x33, 0x10, 0x0, 0xc,
    0x90, 0x0, 0xd2, 0x0, 0x0, 0x0, 0x6, 0xe1,
    0x0, 0xf, 0x30, 0x0, 0x0, 0x3, 0xf5, 0x0,
    0x0, 0xf3, 0x0, 0x0, 0x2, 0xef, 0x48, 0xff,
    0xff, 0xff, 0xfe, 0x2, 0xea, 0xf4, 0x13, 0x33,
    0xf5, 0x33, 0x20, 0x59, 0xf, 0x40, 0x0, 0xf,
    0x30, 0x0, 0x0, 0x0, 0xf4, 0x0, 0x0, 0xf3,
    0x0, 0x0, 0x0, 0xf, 0x40, 0x0, 0xf, 0x30,
    0x0, 0x0, 0x0, 0xf7, 0xee, 0xee, 0xfe, 0xee,
    0xe9, 0x0, 0xf, 0x43, 0x33, 0x33, 0x33, 0x33,
    0x20, 0x0, 0xf4, 0x0, 0x0, 0x0, 0x0, 0x0,

    /* U+5730 "地" */
    0x0, 0x28, 0x0, 0x0, 0x5, 0xc0, 0x0, 0x0,
    0x0, 0x4d, 0x0, 0x55, 0x5, 0xd0, 0x0, 0x0,
    0x0, 0x4d, 0x0, 0x8a, 0x5, 0xd0, 0x2, 0x0,
    0x0, 0x4d, 0x0, 0x8a, 0x5, 0xd6, 0xcf, 0x0,
    0xa, 0xbe, 0xa5, 0x8b, 0x7c, 0xfb, 0x8f, 0x0,
    0x7, 0x9e, 0x8b, 0xdf, 0xba, 0xd0, 0x3f, 0x0,
    0x0, 0x4d, 0x1b, 0xca, 0x5, 0xd0, 0x4e, 0x0,
    0x0, 0x4d, 0x0, 0x8a, 0x5, 0xd0, 0x4d, 0x0,
    0x0, 0x4d, 0x0, 0x8a, 0x5, 0xd2, 0x9d, 0x0,
    0x0, 0x4d, 0x0, 0x8a, 0x5, 0xd8, 0xe6, 0x0,
    0x0, 0x4d, 0x69, 0x8a, 0x5, 0xd0, 0x0, 0x50,
    0x4, 0xaf, 0xd6, 0x8a, 0x1, 0x40, 0x2, 0xf0,
    0x5f, 0xa3, 0x0, 0x7d, 0x32, 0x12, 0x28, 0xe0,
    0x0, 0x0, 0x0, 0x2c, 0xff, 0xff, 0xfe, 0x60,
    0x0, 0x0, 0x0, 0x0, 0x0, 0x0, 0x0, 0x0,

    /* U+5904 "处" */
    0x0, 0x5, 0x90, 0x0, 0x4, 0xb0, 0x0, 0x0,
    0x0, 0xa, 0x80, 0x0, 0x5, 0xe0, 0x0, 0x0,
    0x0, 0xe, 0xa7, 0x77, 0x15, 0xe0, 0x0, 0x0,
    0x0, 0x4f, 0xbb, 0xbf, 0x25, 0xe0, 0x0, 0x0,
    0x0, 0xa9, 0x0, 0x3f, 0x5, 0xe5, 0x20, 0x0,
    0x1, 0xf7, 0x0, 0x7c, 0x5, 0xe7, 0xf7, 0x0,
    0x9, 0xfb, 0x0, 0xb7, 0x5, 0xe0, 0x3e, 0x90,
    0x2f, 0x4f, 0x12, 0xf2, 0x5, 0xe0, 0x3, 0x70,
    0x3, 0xc, 0x7a, 0xb0, 0x5, 0xe0, 0x0, 0x0,
    0x0, 0x4, 0xff, 0x20, 0x5, 0xe0, 0x0, 0x0,
    0x0, 0x1, 0xfd, 0x0, 0x5, 0xe0, 0x0, 0x0,
    0x0, 0xd, 0xcd, 0xc2, 0x5, 0xe0, 0x0, 0x0,
    0x1, 0xcc, 0x1, 0xcf, 0xb8, 0x64, 0x33, 0x40,
    0x1e, 0xc1, 0x0, 0x4, 0x9d, 0xff, 0xff, 0xe0,
    0x4, 0x0, 0x0, 0x0, 0x0, 0x0, 0x0, 0x0,

    /* U+5907 "备" */
    0x0, 0x0, 0x1, 0x0, 0x0, 0x0, 0x0, 0x0,
    0x0, 0x0, 0x1e, 0x60, 0x0, 0x0, 0x0, 0x0,
    0x0, 0x0, 0xcf, 0xcc, 0xcc, 0xcc, 0xb0, 0x0,
    0x0, 0xb, 0xf7, 0x44, 0x44, 0x8f, 0xb0, 0x0,
    0x1, 0xcd, 0x9f, 0x40, 0x8, 0xf8, 0x0, 0x0,
    0xc, 0xb1, 0x7, 0xfb, 0xed, 0x40, 0x0, 0x0,
    0x1, 0x0, 0x27, 0xef, 0xf9, 0x30, 0x0, 0x0,
    0x15, 0x9d, 0xfc, 0x50, 0x5b, 0xff, 0xc9, 0x60,
    0x3d, 0xa8, 0x32, 0x22, 0x22, 0x26, 0x9a, 0xb0,
    0x0, 0x4f, 0xff, 0xff, 0xff, 0xff, 0xc0, 0x0,
    0x0, 0x4e, 0x0, 0xe, 0x40, 0x7, 0xc0, 0x0,
    0x0, 0x4f, 0xdd, 0xdf, 0xed, 0xde, 0xc0, 0x0,
    0x0, 0x4e, 0x22, 0x2e, 0x62, 0x28, 0xc0, 0x0,
    0x0, 0x4e, 0x0, 0xe, 0x40, 0x7, 0xc0, 0x0,
    0x0, 0x4f, 0xff, 0xff, 0xff, 0xff, 0xc0, 0x0,
    0x0, 0x4e, 0x0, 0x0, 0x0, 0x7, 0xc0, 0x0,

    /* U+590D "复" */
    0x0, 0x0, 0x92, 0x0, 0x0, 0x0, 0x0, 0x0,
    0x0, 0x9f, 0x54, 0x44, 0x44, 0x44, 0x41, 0x0,
    0x5f, 0xbb, 0xbb, 0xbb, 0xbb, 0xbb, 0x30, 0x5f,
    0xa4, 0x44, 0x44, 0x44, 0x44, 0x0, 0x2f, 0x6f,
    0x87, 0x77, 0x77, 0x79, 0xe0, 0x0, 0x11, 0xfa,
    0x99, 0x99, 0x99, 0xbe, 0x0, 0x0, 0x1f, 0x42,
    0x22, 0x22, 0x26, 0xe0, 0x0, 0x1, 0xfc, 0xbb,
    0xbb, 0xbb, 0xce, 0x0, 0x0, 0x3, 0x9c, 0x33,
    0x33, 0x33, 0x20, 0x0, 0x0, 0x6f, 0xdb, 0xbb,
    0xbb, 0xbb, 0x20, 0x0, 0x9e, 0xe9, 0x32, 0x22,
    0x6e, 0xb0, 0x0, 0xda, 0x11, 0x9d, 0x75, 0xbd,
    0x50, 0x0, 0x1, 0x0, 0x26, 0xcf, 0xef, 0x95,
    0x20, 0x0, 0xad, 0xfd, 0x95, 0x10, 0x37, 0xbe,
    0xfc, 0x4, 0x30, 0x0, 0x0, 0x0, 0x0, 0x1,
    0x20,

    /* U+5931 "失" */
    0x0, 0x1, 0x20, 0x9, 0x60, 0x0, 0x0, 0x0,
    0x0, 0x8b, 0x0, 0xb8, 0x0, 0x0, 0x0, 0x0,
    0xe, 0x71, 0x1c, 0x81, 0x11, 0x10, 0x0, 0x4,
    0xff, 0xff, 0xff, 0xff, 0xff, 0x90, 0x0, 0xb9,
    0x22, 0x2c, 0x92, 0x22, 0x21, 0x0, 0x4f, 0x20,
    0x0, 0xc7, 0x0, 0x0, 0x0, 0x0, 0x30, 0x0,
    0xd, 0x70, 0x0, 0x0, 0x0, 0xef, 0xff, 0xff,
    0xff, 0xff, 0xff, 0xf4, 0x3, 0x44, 0x44, 0x6f,
    0xd4, 0x44, 0x44, 0x10, 0x0, 0x0, 0xa, 0xdf,
    0x40, 0x0, 0x0, 0x0, 0x0, 0x6, 0xf3, 0x8e,
    0x20, 0x0, 0x0, 0x0, 0x8, 0xf5, 0x0, 0xbd,
    0x30, 0x0, 0x0, 0x4c, 0xe4, 0x0, 0x0, 0xaf,
    0x91, 0x0, 0xcf, 0xa1, 0x0, 0x0, 0x0, 0x4d,
    0xf7, 0x5, 0x20, 0x0, 0x0, 0x0, 0x0, 0x4,
    0x10,

    /* U+59CB "始" */
    0x0, 0x49, 0x0, 0x0, 0x7, 0x80, 0x0, 0x0,
    0x6, 0xa0, 0x0, 0x1, 0xe5, 0x0, 0x0, 0x0,
    0x88, 0x0, 0x0, 0x8c, 0x6, 0xc0, 0x2, 0xef,
    0xfe, 0xe1, 0x2f, 0x30, 0xe, 0x60, 0x4, 0xd7,
    0x4f, 0x1b, 0x80, 0x0, 0x7e, 0x0, 0xf, 0x22,
    0xf8, 0xfe, 0xff, 0xff, 0xf7, 0x1, 0xf0, 0x4d,
    0x24, 0x33, 0x21, 0x5, 0x80, 0x4c, 0x6, 0xb0,
    0x0, 0x0, 0x0, 0x0, 0x8, 0x90, 0xb8, 0xe,
    0xff, 0xff, 0xfe, 0x0, 0x6f, 0x7f, 0x30, 0xe5,
    0x22, 0x25, 0xe0, 0x0, 0x5f, 0xe0, 0xe, 0x30,
    0x0, 0x4e, 0x0, 0x0, 0xef, 0x80, 0xe3, 0x0,
    0x4, 0xe0, 0x0, 0xab, 0x4f, 0x6e, 0x63, 0x33,
    0x6e, 0x0, 0x8e, 0x10, 0x52, 0xee, 0xdd, 0xde,
    0xe0, 0xe, 0x30, 0x0, 0xe, 0x30, 0x0, 0x4e,
    0x0, 0x0, 0x0, 0x0, 0x0, 0x0, 0x0, 0x0,

    /* U+5B58 "存" */
    0x0, 0x0, 0x1, 0xd2, 0x0, 0x0, 0x0, 0x0,
    0x11, 0x11, 0x8e, 0x11, 0x11, 0x11, 0x10, 0xd,
    0xff, 0xff, 0xff, 0xff, 0xff, 0xff, 0x50, 0x0,
    0x7, 0xe0, 0x0, 0x0, 0x0, 0x0, 0x0, 0x1,
    0xf7, 0x11, 0x11, 0x11, 0x10, 0x0, 0x0, 0xbc,
    0xd, 0xff, 0xff, 0xff, 0x90, 0x0, 0x8f, 0x40,
    0x0, 0x0, 0x3d, 0xb1, 0x0, 0x7f, 0xf4, 0x0,
    0x0, 0x6f, 0x70, 0x0, 0x7f, 0x4e, 0x41, 0x22,
    0x2b, 0x92, 0x22, 0x13, 0x40, 0xe4, 0xcf, 0xff,
    0xff, 0xff, 0xfa, 0x0, 0xe, 0x40, 0x0, 0xa,
    0x80, 0x0, 0x0, 0x0, 0xe4, 0x0, 0x0, 0xa8,
    0x0, 0x0, 0x0, 0xe, 0x40, 0x0, 0xa, 0x80,
    0x0, 0x0, 0x0, 0xe4, 0x0, 0x46, 0xe7, 0x0,
    0x0, 0x0, 0xe, 0x40, 0xb, 0xea, 0x10, 0x0,
    0x0,

    /* U+5B8C "完" */
    0x0, 0x0, 0x0, 0xd, 0x20, 0x0, 0x0, 0x0,
    0x1, 0x11, 0x11, 0xd8, 0x11, 0x11, 0x10, 0xa,
    0xff, 0xff, 0xff, 0xff, 0xff, 0xfe, 0x0, 0xa8,
    0x0, 0x0, 0x0, 0x0, 0x4, 0xe0, 0xa, 0x80,
    0x0, 0x0, 0x0, 0x0, 0x4e, 0x0, 0x11, 0xff,
    0xff, 0xff, 0xff, 0xf3, 0x20, 0x0, 0x1, 0x11,
    0x11, 0x11, 0x11, 0x0, 0x0, 0x0, 0x0, 0x0,
    0x0, 0x0, 0x0, 0x0, 0xe, 0xff, 0xff, 0xff,
    0xff, 0xff, 0xff, 0x30, 0x22, 0x24, 0xf3, 0x26,
    0xe2, 0x22, 0x20, 0x0, 0x0, 0x5f, 0x0, 0x4e,
    0x0, 0x0, 0x0, 0x0, 0xc, 0xa0, 0x4, 0xe0,
    0x0, 0xb5, 0x0, 0x2c, 0xe1, 0x0, 0x3f, 0x31,
    0x3e, 0x40, 0xcf, 0xa1, 0x0, 0x0, 0xbf, 0xff,
    0xa0, 0x5, 0x20, 0x0, 0x0, 0x0, 0x0, 0x0,
    0x0,

    /* U+5C31 "就" */
    0x0, 0x0, 0x0, 0x0, 0x0, 0x0, 0x0, 0x0,
    0x0, 0x2e, 0x0, 0x0, 0x86, 0x13, 0x0, 0x1,
    0x11, 0xe5, 0x11, 0x9, 0x64, 0xe3, 0x0, 0xef,
    0xff, 0xff, 0xf5, 0xa6, 0x5, 0xe0, 0x0, 0x0,
    0x0, 0x0, 0x4b, 0x84, 0x47, 0x20, 0x1c, 0xcc,
    0xcc, 0x6c, 0xed, 0xcc, 0xc8, 0x1, 0xf3, 0x33,
    0xc6, 0xc, 0x5a, 0x20, 0x0, 0x1f, 0x0, 0xb,
    0x60, 0xd4, 0xd3, 0x0, 0x1, 0xfc, 0xcc, 0xe6,
    0xf, 0x2d, 0x30, 0x0, 0x3, 0x3c, 0x73, 0x11,
    0xf0, 0xd3, 0x0, 0x0, 0xd2, 0xc5, 0xd2, 0x5d,
    0xd, 0x30, 0x0, 0x5c, 0xc, 0x56, 0xbb, 0x80,
    0xd3, 0x1, 0xd, 0x50, 0xc5, 0x9, 0xf2, 0xd,
    0x31, 0xc4, 0xd0, 0x2d, 0x40, 0xc9, 0x0, 0xd7,
    0x7a, 0x1, 0x4f, 0xc1, 0x5d, 0x0, 0x6, 0xdd,
    0x40, 0x0, 0x0, 0x0, 0x10, 0x0, 0x0, 0x0,

    /* U+5DF2 "已" */
    0x4f, 0xff, 0xff, 0xff, 0xff, 0xfe, 0x0, 0x14,
    0x44, 0x44, 0x44, 0x44, 0x8e, 0x0, 0x1, 0x0,
    0x0, 0x0, 0x0, 0x5e, 0x0, 0xe, 0x50, 0x0,
    0x0, 0x0, 0x5e, 0x0, 0xe, 0x50, 0x0, 0x0,
    0x0, 0x5e, 0x0, 0xe, 0xff, 0xff, 0xff, 0xff,
    0xfe, 0x0, 0xe, 0x84, 0x44, 0x44, 0x44, 0x44,
    0x0, 0xe, 0x50, 0x0, 0x0, 0x0, 0x0, 0x0,
    0xe, 0x50, 0x0, 0x0, 0x0, 0x0, 0x0, 0xe,
    0x50, 0x0, 0x0, 0x0, 0x0, 0xe4, 0xe, 0x60,
    0x0, 0x0, 0x0, 0x0, 0xf3, 0xc, 0xc5, 0x33,
    0x32, 0x33, 0x4a, 0xf1, 0x4, 0xdf, 0xff, 0xff,
    0xff, 0xfe, 0x70, 0x0, 0x0, 0x0, 0x0, 0x0,
    0x0, 0x0,

    /* U+5F00 "开" */
    0x5, 0xff, 0xff, 0xff, 0xff, 0xff, 0xff, 0x20,
    0x13, 0x39, 0xd3, 0x33, 0x3f, 0x73, 0x30, 0x0,
    0x0, 0x7c, 0x0, 0x0, 0xf5, 0x0, 0x0, 0x0,
    0x7, 0xc0, 0x0, 0xf, 0x50, 0x0, 0x0, 0x0,
    0x7c, 0x0, 0x0, 0xf5, 0x0, 0x0, 0x11, 0x18,
    0xd1, 0x11, 0x1f, 0x61, 0x11, 0x3f, 0xff, 0xff,
    0xff, 0xff, 0xff, 0xff, 0xe0, 0x11, 0x19, 0xb1,
    0x11, 0x1f, 0x61, 0x11, 0x0, 0x0, 0xa9, 0x0,
    0x0, 0xf5, 0x0, 0x0, 0x0, 0xe, 0x60, 0x0,
    0xf, 0x50, 0x0, 0x0, 0x5, 0xf1, 0x0, 0x0,
    0xf5, 0x0, 0x0, 0x1, 0xe9, 0x0, 0x0, 0xf,
    0x50, 0x0, 0x1, 0xcd, 0x0, 0x0, 0x0, 0xf5,
    0x0, 0x0, 0x5d, 0x10, 0x0, 0x0, 0xf, 0x50,
    0x0, 0x0, 0x0, 0x0, 0x0, 0x0, 0x0, 0x0,
    0x0,

    /* U+5F31 "弱" */
    0x0, 0x0, 0x0, 0x0, 0x0, 0x0, 0x0, 0x0,
    0x7f, 0xff, 0xfe, 0xc, 0xff, 0xff, 0xe0, 0x0,
    0x0, 0x3, 0xe0, 0x0, 0x0, 0x4e, 0x0, 0x0,
    0x11, 0x4e, 0x0, 0x11, 0x14, 0xe0, 0x0, 0xff,
    0xff, 0xe0, 0x6f, 0xff, 0xfe, 0x0, 0x2f, 0x0,
    0x0, 0x7, 0xb0, 0x0, 0x0, 0x4, 0xfb, 0xbb,
    0xb0, 0x9e, 0xbb, 0xbb, 0x0, 0x17, 0x44, 0x6f,
    0x4, 0x64, 0x46, 0xf0, 0x1, 0xd8, 0x2, 0xf0,
    0x4e, 0x50, 0x3f, 0x0, 0x0, 0xa4, 0x6e, 0x0,
    0x2a, 0x47, 0xf0, 0x1, 0x6c, 0xd8, 0xe0, 0x27,
    0xdd, 0x8e, 0x3, 0xfa, 0x40, 0x3d, 0x3f, 0xa4,
    0x4, 0xe0, 0x0, 0x0, 0x18, 0xd0, 0x0, 0x1,
    0x8d, 0x0, 0x0, 0xef, 0xe5, 0x0, 0xb, 0xfe,
    0x50, 0x0, 0x0, 0x0, 0x0, 0x0, 0x0, 0x0,
    0x0,

    /* U+5F3A "强" */
    0x0, 0x0, 0x0, 0x0, 0x0, 0x0, 0x0, 0xef,
    0xff, 0x25, 0xff, 0xff, 0xff, 0x30, 0x22, 0x2f,
    0x25, 0xd0, 0x0, 0xe, 0x30, 0x0, 0xf, 0x25,
    0xd0, 0x0, 0xe, 0x30, 0x26, 0x6f, 0x25, 0xff,
    0xff, 0xff, 0x20, 0x7d, 0x88, 0x10, 0x0, 0x5d,
    0x0, 0x0, 0x89, 0x0, 0xb, 0xcc, 0xdf, 0xcc,
    0x90, 0xa9, 0x11, 0xe, 0x53, 0x7e, 0x37, 0xc0,
    0xbf, 0xff, 0xe, 0x30, 0x5d, 0x5, 0xc0, 0x23,
    0x4f, 0xe, 0x53, 0x7e, 0x37, 0xc0, 0x0, 0x3e,
    0xa, 0xbb, 0xdf, 0xbb, 0x80, 0x0, 0x4d, 0x0,
    0x0, 0x5d, 0x8, 0x70, 0x2, 0x8c, 0x1, 0x22,
    0x7e, 0x59, 0xf1, 0x7f, 0xd5, 0xcf, 0xec, 0xb9,
    0x76, 0xaa, 0x0, 0x0, 0x0, 0x0, 0x0, 0x0,
    0x13,

    /* U+5F55 "录" */
    0x0, 0x11, 0x11, 0x11, 0x11, 0x11, 0x0, 0x0,
    0xa, 0xff, 0xff, 0xff, 0xff, 0xfa, 0x0, 0x0,
    0x0, 0x0, 0x0, 0x0, 0x9, 0xa0, 0x0, 0x3,
    0xcc, 0xcc, 0xcc, 0xcc, 0xea, 0x0, 0x0, 0x14,
    0x44, 0x44, 0x44, 0x4a, 0xa0, 0x0, 0x0, 0x0,
    0x0, 0x0, 0x0, 0x9a, 0x0, 0xf, 0xff, 0xff,
    0xff, 0xff, 0xff, 0xff, 0xc0, 0x8, 0x50, 0x0,
    0xc8, 0x0, 0x7, 0x40, 0x0, 0x4f, 0x90, 0xc,
    0xf1, 0x9, 0xf5, 0x0, 0x0, 0x2c, 0x38, 0xcd,
    0xcd, 0xd2, 0x0, 0x0, 0x0, 0x7f, 0xac, 0x6b,
    0xf2, 0x0, 0x0, 0x4, 0xdd, 0x40, 0xc6, 0x9,
    0xf7, 0x0, 0xc, 0xf7, 0x0, 0xd, 0x50, 0x4,
    0xde, 0x70, 0x51, 0x0, 0xcd, 0xf3, 0x0, 0x0,
    0x55, 0x0, 0x0, 0x5, 0x52, 0x0, 0x0, 0x0,
    0x0,

    /* U+5F85 "待" */
    0x0, 0x0, 0x0, 0x0, 0x0, 0x0, 0x0, 0x0,
    0x0, 0xc, 0x20, 0x0, 0xf2, 0x0, 0x0, 0x0,
    0xb, 0xb0, 0x0, 0x1f, 0x30, 0x0, 0x0, 0xa,
    0xd1, 0x4f, 0xff, 0xff, 0xff, 0xb0, 0xa, 0xd1,
    0x10, 0x22, 0x3f, 0x42, 0x21, 0x0, 0x91, 0x3f,
    0x10, 0x1, 0xf3, 0x0, 0x0, 0x0, 0xd, 0xae,
    0xee, 0xef, 0xee, 0xee, 0xb0, 0xa, 0xf0, 0x22,
    0x22, 0x22, 0xf6, 0x22, 0x9, 0xff, 0x0, 0x0,
    0x0, 0xf, 0x40, 0x6, 0xe5, 0xf0, 0xef, 0xff,
    0xff, 0xff, 0xf5, 0x2, 0x3f, 0x1, 0x52, 0x22,
    0x2f, 0x52, 0x0, 0x3, 0xf0, 0xd, 0x90, 0x0,
    0xf4, 0x0, 0x0, 0x3f, 0x0, 0x2f, 0x70, 0xf,
    0x40, 0x0, 0x3, 0xf0, 0x0, 0x57, 0x0, 0xf4,
    0x0, 0x0, 0x3f, 0x0, 0x0, 0x6, 0xaf, 0x20,
    0x0, 0x3, 0xf0, 0x0, 0x0, 0xcb, 0x60, 0x0,

    /* U+5FD9 "忙" */
    0x0, 0x5, 0x0, 0x0, 0x2, 0x10, 0x0, 0x0,
    0x1, 0xf1, 0x0, 0x0, 0x9a, 0x0, 0x0, 0x1,
    0x1f, 0x10, 0x0, 0x3, 0xf1, 0x0, 0x0, 0xc5,
    0xfd, 0x3f, 0xff, 0xff, 0xff, 0xff, 0xe, 0x3f,
    0xaa, 0x3f, 0x32, 0x22, 0x22, 0x11, 0xf1, 0xf2,
    0xe3, 0xf1, 0x0, 0x0, 0x0, 0x4c, 0x1f, 0x11,
    0x1f, 0x10, 0x0, 0x0, 0x7, 0xa1, 0xf1, 0x1,
    0xf1, 0x0, 0x0, 0x0, 0x65, 0x1f, 0x10, 0x1f,
    0x10, 0x0, 0x0, 0x0, 0x1, 0xf1, 0x1, 0xf1,
    0x0, 0x0, 0x0, 0x0, 0x1f, 0x10, 0x1f, 0x10,
    0x0, 0x0, 0x0, 0x1, 0xf1, 0x1, 0xf1, 0x0,
    0x0, 0x0, 0x0, 0x1f, 0x10, 0x1f, 0x32, 0x22,
    0x22, 0x0, 0x1, 0xf1, 0x1, 0xff, 0xff, 0xff,
    0xf4, 0x0, 0x1f, 0x10, 0x0, 0x0, 0x0, 0x0,
    0x0,

    /* U+6062 "恢" */
    0x0, 0x15, 0x0, 0x4, 0x30, 0x0, 0x0, 0x0,
    0x0, 0x3e, 0x0, 0xa, 0x70, 0x0, 0x0, 0x0,
    0x1, 0x4e, 0x7, 0xff, 0xff, 0xff, 0xff, 0xe0,
    0xa, 0xaf, 0xc1, 0x1c, 0x61, 0x21, 0x11, 0x10,
    0xc, 0x8e, 0xaa, 0xe, 0x30, 0xc5, 0x0, 0x0,
    0xf, 0x5e, 0x19, 0xf, 0x40, 0xc5, 0x6, 0x30,
    0x1f, 0x3e, 0x0, 0x3f, 0xc0, 0xc5, 0xd, 0x20,
    0x4c, 0x3e, 0x0, 0x7b, 0xd3, 0xd6, 0x5b, 0x0,
    0x58, 0x3e, 0x0, 0xc7, 0x79, 0xea, 0xd4, 0x0,
    0x0, 0x3e, 0x2, 0xf1, 0x16, 0xfe, 0x50, 0x0,
    0x0, 0x3e, 0x9, 0xa0, 0x9, 0x9c, 0x60, 0x0,
    0x0, 0x3e, 0x3f, 0x30, 0x3f, 0x25, 0xe1, 0x0,
    0x0, 0x3e, 0xca, 0x2, 0xe6, 0x0, 0xbc, 0x10,
    0x0, 0x3e, 0x52, 0x5f, 0x70, 0x0, 0xc, 0xe2,
    0x0, 0x3e, 0x0, 0x95, 0x0, 0x0, 0x0, 0x91,

    /* U+6210 "成" */
    0x0, 0x0, 0x0, 0x0, 0xa1, 0x45, 0x0, 0x0,
    0x0, 0x0, 0x0, 0xf, 0x34, 0xf5, 0x0, 0x0,
    0x33, 0x33, 0x33, 0xe7, 0x38, 0xb3, 0x10, 0xe,
    0xee, 0xee, 0xef, 0xee, 0xee, 0xe5, 0x0, 0xe3,
    0x0, 0x0, 0xb7, 0x0, 0x0, 0x0, 0xe, 0x30,
    0x0, 0x9, 0x90, 0xb, 0x50, 0x0, 0xef, 0xff,
    0xf2, 0x7b, 0x1, 0xf1, 0x0, 0xe, 0x41, 0x1f,
    0x24, 0xd0, 0x8b, 0x0, 0x0, 0xf2, 0x1, 0xf1,
    0x1f, 0x2f, 0x40, 0x0, 0xf, 0x10, 0x1f, 0x0,
    0xed, 0xc0, 0x0, 0x1, 0xf0, 0x2, 0xf0, 0xa,
    0xf2, 0x0, 0x0, 0x4c, 0x0, 0x4e, 0x2, 0xee,
    0x0, 0x57, 0x9, 0x82, 0xcf, 0xa2, 0xe9, 0xe6,
    0x9, 0x81, 0xf3, 0x8, 0x54, 0xf9, 0x5, 0xe6,
    0xe4, 0x8c, 0x0, 0x0, 0x16, 0x0, 0x8, 0xfa,
    0x0, 0x10, 0x0, 0x0, 0x0, 0x0, 0x0, 0x0,

    /* U+6253 "打" */
    0x0, 0x7, 0x80, 0x0, 0x0, 0x0, 0x0, 0x0,
    0x0, 0x8a, 0x0, 0xab, 0xbb, 0xbb, 0xba, 0x0,
    0x8, 0xa0, 0x7, 0x77, 0x9f, 0x77, 0x70, 0xef,
    0xff, 0xfb, 0x0, 0x3, 0xf0, 0x0, 0x2, 0x29,
    0xb2, 0x20, 0x0, 0x3f, 0x0, 0x0, 0x0, 0x8a,
    0x0, 0x0, 0x3, 0xf0, 0x0, 0x0, 0x8, 0xa2,
    0x60, 0x0, 0x3f, 0x0, 0x0, 0x4, 0xcf, 0xf9,
    0x0, 0x3, 0xf0, 0x0, 0x4f, 0xfe, 0xb0, 0x0,
    0x0, 0x3f, 0x0, 0x1, 0x40, 0x8a, 0x0, 0x0,
    0x3, 0xf0, 0x0, 0x0, 0x8, 0xa0, 0x0, 0x0,
    0x3f, 0x0, 0x0, 0x0, 0x8a, 0x0, 0x0, 0x3,
    0xf0, 0x0, 0x0, 0xa, 0x90, 0x0, 0x0, 0x6f,
    0x0, 0x0, 0x5e, 0xf7, 0x0, 0x8, 0xff, 0xa0,
    0x0, 0x1, 0x63, 0x0, 0x0, 0x14, 0x20, 0x0,
    0x0,

    /* U+6302 "挂" */
    0x0, 0xa, 0x20, 0x0, 0x2, 0x90, 0x0, 0x0,
    0x0, 0xf, 0x30, 0x0, 0x4, 0xe0, 0x0, 0x0,
    0x0, 0xf, 0x30, 0x7a, 0xab, 0xfa, 0xaa, 0x20,
    0xe, 0xff, 0xfe, 0x46, 0x69, 0xf6, 0x66, 0x10,
    0x2, 0x2f, 0x52, 0x0, 0x4, 0xe0, 0x0, 0x0,
    0x0, 0xf, 0x30, 0x22, 0x26, 0xe2, 0x22, 0x20,
    0x0, 0xf, 0x87, 0xff, 0xff, 0xff, 0xff, 0xe0,
    0x3, 0x9f, 0xd4, 0x0, 0x2, 0x80, 0x0, 0x0,
    0x5f, 0xaf, 0x30, 0x0, 0x4, 0xe0, 0x0, 0x0,
    0x0, 0xf, 0x30, 0xaf, 0xff, 0xff, 0xff, 0x30,
    0x0, 0xf, 0x30, 0x12, 0x26, 0xe2, 0x22, 0x0,
    0x0, 0xf, 0x30, 0x0, 0x4, 0xe0, 0x0, 0x0,
    0x0, 0xf, 0x30, 0x11, 0x15, 0xe1, 0x11, 0x10,
    0x6, 0xcf, 0x2b, 0xff, 0xff, 0xff, 0xff, 0xf1,
    0x6, 0xfb, 0x0, 0x0, 0x0, 0x0, 0x0, 0x0,
    0x0, 0x0, 0x0, 0x0, 0x0, 0x0, 0x0, 0x0,

    /* U+63A5 "接" */
    0x0, 0x18, 0x0, 0x0, 0x6, 0x40, 0x0, 0x0,
    0x2, 0xf0, 0x1, 0x11, 0x9b, 0x11, 0x10, 0x0,
    0x2f, 0x1, 0xff, 0xff, 0xff, 0xff, 0x40, 0xcc,
    0xfc, 0x70, 0x99, 0x0, 0x99, 0x0, 0x3, 0x5f,
    0x32, 0x5, 0xc0, 0xe, 0x40, 0x0, 0x2, 0xf0,
    0x8f, 0xff, 0xff, 0xff, 0xfd, 0x0, 0x2f, 0x63,
    0x11, 0x94, 0x11, 0x11, 0x10, 0x4a, 0xfd, 0x20,
    0x1f, 0x20, 0x0, 0x0, 0x6e, 0xaf, 0xc, 0xff,
    0xff, 0xff, 0xff, 0xa0, 0x2, 0xf0, 0x1, 0xf4,
    0x0, 0x8b, 0x0, 0x0, 0x2f, 0x0, 0x6f, 0x93,
    0x2e, 0x30, 0x0, 0x2, 0xf0, 0x0, 0x17, 0xff,
    0xb1, 0x0, 0x0, 0x5f, 0x2, 0x6a, 0xeb, 0x5b,
    0xf9, 0x20, 0xdf, 0x83, 0xeb, 0x61, 0x0, 0x2,
    0xa9, 0x0, 0x0, 0x0, 0x0, 0x0, 0x0, 0x0,
    0x0,

    /* U+6587 "文" */
    0x0, 0x0, 0x0, 0x29, 0x0, 0x0, 0x0, 0x0,
    0x0, 0x0, 0x0, 0x1f, 0x30, 0x0, 0x0, 0x0,
    0x4, 0x44, 0x44, 0x4e, 0xa4, 0x44, 0x44, 0x20,
    0xc, 0xee, 0xfe, 0xee, 0xee, 0xef, 0xee, 0x70,
    0x0, 0x4, 0xf0, 0x0, 0x0, 0x7c, 0x0, 0x0,
    0x0, 0x0, 0xe5, 0x0, 0x0, 0xc7, 0x0, 0x0,
    0x0, 0x0, 0x8c, 0x0, 0x3, 0xf2, 0x0, 0x0,
    0x0, 0x0, 0x1f, 0x50, 0xb, 0xa0, 0x0, 0x0,
    0x0, 0x0, 0x6, 0xe2, 0x5f, 0x20, 0x0, 0x0,
    0x0, 0x0, 0x0, 0xad, 0xf6, 0x0, 0x0, 0x0,
    0x0, 0x0, 0x0, 0x6f, 0xf3, 0x0, 0x0, 0x0,
    0x0, 0x0, 0x2b, 0xf6, 0x8f, 0x91, 0x0, 0x0,
    0x0, 0x3a, 0xfb, 0x20, 0x3, 0xdf, 0x93, 0x0,
    0x2d, 0xfc, 0x40, 0x0, 0x0, 0x5, 0xdf, 0xc0,
    0x9, 0x30, 0x0, 0x0, 0x0, 0x0, 0x4, 0x60,

    /* U+65E0 "无" */
    0x0, 0xcf, 0xff, 0xff, 0xff, 0xff, 0xf2, 0x0,
    0x2, 0x33, 0x38, 0xe3, 0x33, 0x33, 0x0, 0x0,
    0x0, 0x0, 0x6d, 0x0, 0x0, 0x0, 0x0, 0x0,
    0x0, 0x6, 0xd0, 0x0, 0x0, 0x0, 0x3, 0x44,
    0x44, 0xad, 0x44, 0x44, 0x44, 0x0, 0xad, 0xdd,
    0xdf, 0xed, 0xdd, 0xdd, 0xd1, 0x0, 0x0, 0x0,
    0xe8, 0xa0, 0x0, 0x0, 0x0, 0x0, 0x0, 0x4f,
    0x5f, 0x0, 0x0, 0x0, 0x0, 0x0, 0xd, 0xa3,
    0xf0, 0x0, 0x0, 0x0, 0x0, 0x8, 0xe1, 0x3f,
    0x0, 0x0, 0x52, 0x0, 0x8, 0xf4, 0x3, 0xf0,
    0x0, 0xc, 0x70, 0x1b, 0xe4, 0x0, 0x2f, 0x61,
    0x13, 0xf5, 0x3f, 0xc2, 0x0, 0x0, 0x9f, 0xff,
    0xfb, 0x0, 0x50, 0x0, 0x0, 0x0, 0x0, 0x0,
    0x0,

    /* U+6682 "暂" */
    0x0, 0x0, 0x20, 0x0, 0x0, 0x0, 0x0, 0x0,
    0x0, 0x5c, 0x0, 0x0, 0x1, 0x36, 0x90, 0xb,
    0xdf, 0xed, 0xdc, 0x6f, 0xfe, 0xb8, 0x10, 0x6,
    0xd3, 0x41, 0x8, 0xa0, 0x0, 0x0, 0x0, 0xe4,
    0x7a, 0x0, 0x89, 0x0, 0x0, 0x0, 0x4e, 0xef,
    0xfe, 0xa8, 0xff, 0xff, 0xff, 0x0, 0x0, 0x7a,
    0x0, 0x98, 0x3, 0xe0, 0x1, 0x78, 0x9d, 0xee,
    0xdd, 0x50, 0x3e, 0x0, 0x8, 0x65, 0x9b, 0x5,
    0xe0, 0x3, 0xe0, 0x0, 0x0, 0x26, 0x82, 0x76,
    0x22, 0x47, 0x0, 0x0, 0xf, 0xdc, 0xcc, 0xcc,
    0xcd, 0xd0, 0x0, 0x0, 0xf2, 0x0, 0x0, 0x0,
    0x6d, 0x0, 0x0, 0xf, 0xee, 0xee, 0xee, 0xef,
    0xd0, 0x0, 0x0, 0xf2, 0x0, 0x0, 0x0, 0x6d,
    0x0, 0x0, 0xf, 0xdd, 0xdd, 0xdd, 0xde, 0xd0,
    0x0, 0x0, 0xf2, 0x0, 0x0, 0x0, 0x5d, 0x0,

    /* U+670D "服" */
    0x0, 0x0, 0x0, 0x0, 0x11, 0x11, 0x10, 0x0,
    0x1, 0xff, 0xff, 0x44, 0xff, 0xff, 0xfd, 0x0,
    0x1, 0xf0, 0xd, 0x44, 0xd0, 0x0, 0x5c, 0x0,
    0x1, 0xf0, 0xd, 0x44, 0xd0, 0x0, 0x7c, 0x0,
    0x1, 0xf5, 0x5e, 0x44, 0xd0, 0x1e, 0xf6, 0x0,
    0x1, 0xfb, 0xbf, 0x44, 0xd0, 0x2, 0x0, 0x0,
    0x1, 0xf0, 0xd, 0x44, 0xff, 0xff, 0xff, 0x50,
    0x1, 0xf0, 0xd, 0x44, 0xd9, 0x91, 0x3f, 0x30,
    0x1, 0xfd, 0xdf, 0x44, 0xd4, 0xd0, 0x6d, 0x0,
    0x2, 0xe3, 0x3e, 0x44, 0xd0, 0xe3, 0xd7, 0x0,
    0x3, 0xd0, 0xd, 0x44, 0xd0, 0x7e, 0xd0, 0x0,
    0x5, 0xa0, 0xd, 0x44, 0xd0, 0x2f, 0x90, 0x0,
    0x9, 0x70, 0xe, 0x34, 0xd1, 0xda, 0xf8, 0x0,
    0xf, 0x23, 0xbf, 0x24, 0xed, 0xa0, 0x4e, 0xc0,
    0x4b, 0x2, 0x95, 0x4, 0xd4, 0x0, 0x1, 0x70,
    0x0, 0x0, 0x0, 0x0, 0x0, 0x0, 0x0, 0x0,

    /* U+672A "未" */
    0x0, 0x0, 0x0, 0x4, 0x10, 0x0, 0x0, 0x0,
    0x0, 0x0, 0x0, 0xf4, 0x0, 0x0, 0x0, 0x0,
    0xbd, 0xdd, 0xdf, 0xdd, 0xdd, 0xd3, 0x0, 0x5,
    0x55, 0x55, 0xf8, 0x55, 0x55, 0x10, 0x0, 0x0,
    0x0, 0xf, 0x40, 0x0, 0x0, 0x0, 0x0, 0x0,
    0x0, 0xf4, 0x0, 0x0, 0x0, 0xe, 0xff, 0xff,
    0xff, 0xff, 0xff, 0xff, 0x40, 0x22, 0x22, 0x2d,
    0xff, 0x42, 0x22, 0x20, 0x0, 0x0, 0x8, 0xdf,
    0xcc, 0x0, 0x0, 0x0, 0x0, 0x6, 0xf3, 0xf4,
    0xcb, 0x0, 0x0, 0x0, 0x6, 0xf5, 0xf, 0x41,
    0xdb, 0x0, 0x0, 0x9, 0xf6, 0x0, 0xf4, 0x1,
    0xdd, 0x20, 0x2c, 0xf5, 0x0, 0xf, 0x40, 0x1,
    0xcf, 0x63, 0xc2, 0x0, 0x0, 0xf4, 0x0, 0x0,
    0x99, 0x0, 0x0, 0x0, 0xf, 0x40, 0x0, 0x0,
    0x0,

    /* U+672C "本" */
    0x0, 0x0, 0x0, 0x7, 0x20, 0x0, 0x0, 0x0,
    0x0, 0x0, 0x0, 0xe, 0x50, 0x0, 0x0, 0x0,
    0x2, 0x33, 0x33, 0x3e, 0x73, 0x33, 0x33, 0x0,
    0x8, 0xff, 0xff, 0xff, 0xff, 0xff, 0xff, 0x10,
    0x0, 0x0, 0x1, 0xff, 0xf8, 0x0, 0x0, 0x0,
    0x0, 0x0, 0x8, 0xae, 0x9f, 0x10, 0x0, 0x0,
    0x0, 0x0, 0x2f, 0x2e, 0x5c, 0x90, 0x0, 0x0,
    0x0, 0x0, 0xc9, 0xe, 0x53, 0xf4, 0x0, 0x0,
    0x0, 0x9, 0xd0, 0xe, 0x50, 0x8e, 0x20, 0x0,
    0x0, 0x7f, 0x30, 0xe, 0x50, 0xb, 0xd1, 0x0,
    0x8, 0xf5, 0x33, 0x3e, 0x83, 0x33, 0xde, 0x20,
    0x7f, 0x51, 0xff, 0xff, 0xff, 0xf9, 0x1d, 0xe0,
    0x15, 0x0, 0x0, 0xe, 0x50, 0x0, 0x1, 0x40,
    0x0, 0x0, 0x0, 0xe, 0x50, 0x0, 0x0, 0x0,
    0x0, 0x0, 0x0, 0xe, 0x50, 0x0, 0x0, 0x0,

    /* U+675F "束" */
    0x0, 0x0, 0x0, 0x5, 0x10, 0x0, 0x0, 0x0,
    0x2, 0x33, 0x33, 0x3e, 0x63, 0x33, 0x33, 0x0,
    0xe, 0xff, 0xff, 0xff, 0xff, 0xff, 0xff, 0x40,
    0x0, 0x0, 0x0, 0xe, 0x40, 0x0, 0x0, 0x0,
    0x0, 0x34, 0x44, 0x4e, 0x74, 0x44, 0x40, 0x0,
    0x0, 0xcd, 0xcc, 0xcf, 0xdc, 0xcc, 0xf2, 0x0,
    0x0, 0xc6, 0x0, 0xe, 0x40, 0x0, 0xf2, 0x0,
    0x0, 0xc6, 0x11, 0x1e, 0x51, 0x11, 0xf2, 0x0,
    0x0, 0xcf, 0xff, 0xff, 0xff, 0xff, 0xf2, 0x0,
    0x0, 0x0, 0x3, 0xef, 0xf7, 0x0, 0x0, 0x0,
    0x0, 0x0, 0x4f, 0x7e, 0x7e, 0x80, 0x0, 0x0,
    0x0, 0x8, 0xf7, 0xe, 0x42, 0xdb, 0x20, 0x0,
    0x5, 0xee, 0x40, 0xe, 0x40, 0x1a, 0xf8, 0x10,
    0x6f, 0x90, 0x0, 0xe, 0x40, 0x0, 0x4d, 0xc0,
    0x2, 0x0, 0x0, 0xe, 0x40, 0x0, 0x0, 0x20,

    /* U+6B63 "正" */
    0x4, 0xee, 0xee, 0xee, 0xee, 0xee, 0xee, 0x30,
    0x14, 0x44, 0x44, 0x7f, 0x44, 0x44, 0x41, 0x0,
    0x0, 0x0, 0x4, 0xf0, 0x0, 0x0, 0x0, 0x0,
    0x10, 0x0, 0x4f, 0x0, 0x0, 0x0, 0x0, 0xb,
    0x90, 0x4, 0xf0, 0x0, 0x0, 0x0, 0x0, 0xb9,
    0x0, 0x4f, 0xdd, 0xdd, 0x80, 0x0, 0xb, 0x90,
    0x4, 0xf6, 0x66, 0x64, 0x0, 0x0, 0xb9, 0x0,
    0x4f, 0x0, 0x0, 0x0, 0x0, 0xb, 0x90, 0x4,
    0xf0, 0x0, 0x0, 0x0, 0x0, 0xb9, 0x0, 0x4f,
    0x0, 0x0, 0x0, 0x0, 0xb, 0x90, 0x4, 0xf0,
    0x0, 0x0, 0x0, 0x44, 0xca, 0x44, 0x7f, 0x44,
    0x44, 0x43, 0x2e, 0xee, 0xee, 0xee, 0xee, 0xee,
    0xee, 0xc0,

    /* U+7406 "理" */
    0x3, 0x33, 0x32, 0x6b, 0xbb, 0xbb, 0xba, 0x0,
    0x2e, 0xef, 0xea, 0x9c, 0x68, 0xf6, 0x7e, 0x0,
    0x0, 0x2f, 0x0, 0x9a, 0x3, 0xe0, 0x3e, 0x0,
    0x0, 0x2f, 0x0, 0x9f, 0xff, 0xff, 0xfe, 0x0,
    0x0, 0x2f, 0x0, 0x9a, 0x15, 0xe1, 0x4e, 0x0,
    0xc, 0xdf, 0xc8, 0x9a, 0x3, 0xe0, 0x3e, 0x0,
    0x4, 0x6f, 0x43, 0x9f, 0xff, 0xff, 0xfe, 0x0,
    0x0, 0x2f, 0x0, 0x12, 0x25, 0xe2, 0x22, 0x0,
    0x0, 0x2f, 0x0, 0x0, 0x3, 0xe0, 0x0, 0x0,
    0x0, 0x2f, 0x0, 0xcf, 0xff, 0xff, 0xff, 0x50,
    0x0, 0x4f, 0xaa, 0x11, 0x14, 0xe1, 0x11, 0x0,
    0x5f, 0xeb, 0x74, 0x11, 0x14, 0xe1, 0x11, 0x10,
    0x12, 0x0, 0xc, 0xff, 0xff, 0xff, 0xff, 0xf0,

    /* U+76EE "目" */
    0x4f, 0xff, 0xff, 0xff, 0xff, 0xf1, 0x5f, 0x33,
    0x33, 0x33, 0x35, 0xf1, 0x5e, 0x0, 0x0, 0x0,
    0x2, 0xf1, 0x5e, 0x33, 0x33, 0x33, 0x34, 0xf1,
    0x5f, 0xff, 0xff, 0xff, 0xff, 0xf1, 0x5e, 0x0,
    0x0, 0x0, 0x2, 0xf1, 0x5e, 0x0, 0x0, 0x0,
    0x2, 0xf1, 0x5f, 0x44, 0x44, 0x44, 0x45, 0xf1,
    0x5f, 0xee, 0xee, 0xee, 0xee, 0xf1, 0x5e, 0x0,
    0x0, 0x0, 0x2, 0xf1, 0x5e, 0x0, 0x0, 0x0,
    0x2, 0xf1, 0x5f, 0xee, 0xee, 0xee, 0xee, 0xf1,
    0x5f, 0x44, 0x44, 0x44, 0x45, 0xf1, 0x5e, 0x0,
    0x0, 0x0, 0x2, 0xf1, 0x0, 0x0, 0x0, 0x0,
    0x0, 0x0,

    /* U+786E "确" */
    0x0, 0x0, 0x0, 0x0, 0x1, 0x0, 0x0, 0x0,
    0x0, 0x0, 0x0, 0x7, 0xc0, 0x0, 0x0, 0xd,
    0xee, 0xee, 0x21, 0xee, 0xcc, 0xc1, 0x0, 0x34,
    0xf3, 0x30, 0xab, 0x44, 0xbd, 0x0, 0x0, 0x6b,
    0x0, 0x6e, 0x10, 0x4f, 0x20, 0x0, 0xb, 0x60,
    0x3f, 0xff, 0xff, 0xff, 0xf1, 0x2, 0xf5, 0x42,
    0x6e, 0x23, 0xf2, 0x2e, 0x20, 0xaf, 0xef, 0x73,
    0xe0, 0x1f, 0x0, 0xe2, 0x3f, 0xf1, 0x87, 0x3f,
    0xff, 0xff, 0xff, 0x28, 0x8f, 0x18, 0x73, 0xe2,
    0x3f, 0x22, 0xe2, 0x0, 0xf1, 0x87, 0x3d, 0x1,
    0xf0, 0xe, 0x20, 0xf, 0x18, 0x75, 0xff, 0xff,
    0xff, 0xf2, 0x0, 0xf1, 0x87, 0x8a, 0x1, 0xf0,
    0xe, 0x20, 0xf, 0xff, 0x7d, 0x50, 0x1f, 0x0,
    0xf1, 0x0, 0x22, 0x28, 0xd0, 0x1, 0xf4, 0xdd,
    0x0, 0x0, 0x0, 0x13, 0x0, 0x0, 0x2, 0x0,

    /* U+7A0D "稍" */
    0x0, 0x0, 0x0, 0x0, 0x2, 0x90, 0x0, 0x0,
    0x25, 0x8c, 0xc9, 0x70, 0x3e, 0x0, 0xa4, 0xd,
    0xbf, 0x61, 0x2e, 0x43, 0xe0, 0x6e, 0x0, 0x0,
    0xf2, 0x0, 0x5d, 0x3e, 0x1f, 0x30, 0x4, 0x4f,
    0x54, 0x13, 0x55, 0xf3, 0x43, 0x1, 0xee, 0xfe,
    0xe5, 0xfe, 0xee, 0xee, 0xf0, 0x0, 0x6f, 0x20,
    0x5c, 0x0, 0x0, 0x1f, 0x0, 0xd, 0xfe, 0x25,
    0xff, 0xff, 0xff, 0xf0, 0x5, 0xaf, 0x8d, 0x6c,
    0x22, 0x22, 0x3f, 0x0, 0xe3, 0xf2, 0xb8, 0xc0,
    0x0, 0x1, 0xf0, 0x7b, 0xf, 0x20, 0x5f, 0xff,
    0xff, 0xff, 0x0, 0x10, 0xf2, 0x5, 0xc1, 0x11,
    0x13, 0xf0, 0x0, 0xf, 0x20, 0x5c, 0x0, 0x0,
    0x1f, 0x0, 0x0, 0xf2, 0x5, 0xc0, 0x0, 0x27,
    0xf0, 0x0, 0xf, 0x20, 0x5c, 0x0, 0xe, 0xf9,
    0x0, 0x0, 0x10, 0x0, 0x0, 0x0, 0x0, 0x0,

    /* U+7B49 "等" */
    0x0, 0x4, 0x90, 0x0, 0x7, 0x70, 0x0, 0x0,
    0x0, 0xea, 0x44, 0x42, 0xf8, 0x44, 0x43, 0x0,
    0xae, 0xee, 0xbc, 0xcd, 0xcf, 0xcb, 0x90, 0x8f,
    0x24, 0xe1, 0x5b, 0x0, 0xa9, 0x0, 0x5, 0x40,
    0x5, 0xb, 0x90, 0x1, 0x30, 0x0, 0x9, 0xff,
    0xff, 0xff, 0xff, 0xff, 0x70, 0x0, 0x0, 0x0,
    0xb, 0x90, 0x0, 0x0, 0x1, 0xff, 0xff, 0xff,
    0xff, 0xff, 0xff, 0xfe, 0x1, 0x11, 0x11, 0x11,
    0x11, 0xaa, 0x11, 0x10, 0x13, 0x33, 0x33, 0x33,
    0x3b, 0xb3, 0x30, 0x4, 0xcc, 0xec, 0xcc, 0xcc,
    0xee, 0xcc, 0x20, 0x0, 0x1f, 0x80, 0x0, 0xa,
    0x90, 0x0, 0x0, 0x0, 0x3d, 0xc0, 0x0, 0xa9,
    0x0, 0x0, 0x0, 0x0, 0x6, 0x16, 0x8f, 0x80,
    0x0, 0x0, 0x0, 0x0, 0x1, 0xca, 0x70, 0x0,
    0x0,

    /* U+7EBF "线" */
    0x0, 0x0, 0x0, 0x0, 0x20, 0x0, 0x0, 0x0,
    0x0, 0x88, 0x0, 0x1f, 0x18, 0x90, 0x0, 0x0,
    0xe, 0x20, 0x0, 0xf2, 0xb, 0x90, 0x0, 0x7,
    0xb0, 0x42, 0xf, 0x30, 0x27, 0x40, 0x1, 0xe2,
    0xe, 0x9a, 0xfe, 0xff, 0xd9, 0x0, 0xad, 0x8b,
    0xc3, 0x6d, 0x70, 0x0, 0x0, 0xb, 0x99, 0xf3,
    0x0, 0xa7, 0x24, 0x68, 0x0, 0x0, 0xb9, 0x9,
    0xcf, 0xff, 0xdb, 0x80, 0x0, 0x7d, 0x0, 0x65,
    0x8c, 0x0, 0x4b, 0x0, 0x7f, 0xcd, 0xd0, 0x2,
    0xf0, 0x4e, 0x40, 0x9, 0x96, 0x30, 0x0, 0xe,
    0x8e, 0x40, 0x0, 0x0, 0x0, 0x20, 0x1, 0xde,
    0x30, 0x46, 0x1, 0x59, 0xee, 0x16, 0xec, 0xf1,
    0x8, 0x94, 0xfb, 0x73, 0x1e, 0xc4, 0xb, 0xc5,
    0xe4, 0x0, 0x0, 0x0, 0x20, 0x0, 0x1b, 0xf9,
    0x0,

    /* U+7ED3 "结" */
    0x0, 0x3, 0x60, 0x0, 0x3, 0xb0, 0x0, 0x0,
    0x0, 0xc6, 0x0, 0x0, 0x4f, 0x0, 0x0, 0x0,
    0x3e, 0x0, 0x9d, 0xde, 0xfd, 0xdd, 0xc0, 0xc,
    0x50, 0x73, 0x44, 0x7f, 0x44, 0x44, 0x7, 0xd3,
    0x6d, 0x0, 0x4, 0xf0, 0x0, 0x0, 0xff, 0xff,
    0x41, 0x22, 0x6f, 0x22, 0x20, 0x1, 0x7, 0xc0,
    0x6f, 0xff, 0xff, 0xff, 0x40, 0x2, 0xf3, 0x0,
    0x0, 0x0, 0x0, 0x0, 0x0, 0xc9, 0x24, 0x2,
    0x22, 0x22, 0x22, 0x0, 0x9f, 0xff, 0xd2, 0xfe,
    0xee, 0xef, 0xd0, 0x3, 0x41, 0x0, 0x1f, 0x10,
    0x0, 0x6d, 0x0, 0x0, 0x0, 0x12, 0xf1, 0x0,
    0x6, 0xd0, 0x15, 0x8b, 0xef, 0x8f, 0x65, 0x55,
    0x9d, 0x3, 0xca, 0x74, 0x11, 0xfc, 0xcc, 0xcd,
    0xd0, 0x0, 0x0, 0x0, 0x1f, 0x10, 0x0, 0x6d,
    0x0,

    /* U+7EE7 "继" */
    0x0, 0xa, 0x30, 0x10, 0x0, 0xc3, 0x0, 0x0,
    0x3, 0xf1, 0xf, 0x53, 0xd, 0x40, 0x41, 0x0,
    0xa9, 0x0, 0xf6, 0xd0, 0xd4, 0x1e, 0x10, 0x2f,
    0x13, 0x9f, 0x3a, 0x5d, 0x4b, 0x80, 0xb, 0x92,
    0xc6, 0xf3, 0x36, 0xd5, 0x80, 0x0, 0xfd, 0xed,
    0xf, 0x67, 0x7e, 0x97, 0x73, 0x0, 0xd, 0x40,
    0xf7, 0xaa, 0xfb, 0xaa, 0x40, 0x8, 0xb0, 0xf,
    0x30, 0x7f, 0x60, 0x0, 0x4, 0xf7, 0x73, 0xf3,
    0x3d, 0xee, 0xc1, 0x0, 0xce, 0xb9, 0x2f, 0x5e,
    0x4d, 0x4a, 0xd1, 0x0, 0x0, 0x0, 0xfa, 0x70,
    0xd4, 0xa, 0x50, 0x0, 0x36, 0x5f, 0x30, 0xd,
    0x40, 0x0, 0x4d, 0xff, 0xf8, 0xf4, 0x11, 0x32,
    0x11, 0x13, 0x74, 0x10, 0xf, 0xff, 0xff, 0xff,
    0xff,

    /* U+7EEA "绪" */
    0x0, 0x7, 0x50, 0x0, 0x4a, 0x0, 0x0, 0x0,
    0x0, 0xe, 0x30, 0x1, 0x5c, 0x11, 0xb, 0x30,
    0x0, 0x7b, 0x3, 0x4f, 0xff, 0xff, 0xbd, 0x0,
    0x1, 0xe3, 0x1f, 0x20, 0x5c, 0x2, 0xe5, 0x0,
    0xa, 0xb3, 0xaa, 0x0, 0x5c, 0xd, 0x90, 0x0,
    0x1f, 0xee, 0xf3, 0xff, 0xff, 0xff, 0xff, 0xf0,
    0x0, 0xb, 0x90, 0x11, 0x3d, 0xc1, 0x11, 0x10,
    0x0, 0x6e, 0x10, 0x5, 0xfc, 0x21, 0x10, 0x0,
    0x3, 0xf7, 0x45, 0xbf, 0xee, 0xee, 0xf8, 0x0,
    0xa, 0xec, 0x95, 0x7e, 0x40, 0x0, 0x98, 0x0,
    0x0, 0x0, 0x0, 0xd, 0xff, 0xff, 0xf8, 0x0,
    0x0, 0x3, 0x7c, 0x2d, 0x40, 0x0, 0x98, 0x0,
    0x3c, 0xff, 0xda, 0x1d, 0x40, 0x0, 0x98, 0x0,
    0x28, 0x41, 0x0, 0xd, 0xfe, 0xee, 0xf8, 0x0,
    0x0, 0x0, 0x0, 0xd, 0x40, 0x0, 0x98, 0x0,

    /* U+7EED "续" */
    0x0, 0x7, 0x20, 0x0, 0x6, 0x80, 0x0, 0x0,
    0x1, 0xf1, 0x1, 0x22, 0x8a, 0x22, 0x20, 0x0,
    0x89, 0x0, 0x8d, 0xde, 0xed, 0xdd, 0x10, 0x1e,
    0x22, 0x90, 0x0, 0x79, 0x0, 0x0, 0xa, 0xa2,
    0xb8, 0xdd, 0xde, 0xed, 0xdd, 0x42, 0xff, 0xfe,
    0x2, 0x72, 0x26, 0x42, 0xe2, 0x0, 0xc, 0x50,
    0x1a, 0xc3, 0xa5, 0x4c, 0x0, 0x6, 0xc0, 0x7,
    0x33, 0x5a, 0x51, 0x20, 0x3, 0xf6, 0x74, 0x4c,
    0xa0, 0xb4, 0x0, 0x0, 0xdf, 0xda, 0x51, 0x16,
    0x1d, 0x41, 0x11, 0x1, 0x0, 0x6, 0xff, 0xff,
    0xff, 0xff, 0xe0, 0x0, 0x15, 0x70, 0x0, 0xae,
    0x30, 0x0, 0x3c, 0xef, 0xd8, 0x2, 0xbd, 0x6e,
    0xb2, 0x1, 0x63, 0x0, 0x6b, 0xf8, 0x0, 0x9,
    0xf5, 0x0, 0x0, 0x8, 0x61, 0x0, 0x0, 0x3,
    0x30,

    /* U+8BA4 "认" */
    0x0, 0x0, 0x0, 0x0, 0x0, 0x0, 0x0, 0x0,
    0x0, 0x91, 0x0, 0x0, 0xe, 0x40, 0x0, 0x0,
    0x0, 0xbc, 0x0, 0x0, 0xe, 0x40, 0x0, 0x0,
    0x0, 0xd, 0xa0, 0x0, 0xf, 0x40, 0x0, 0x0,
    0x0, 0x2, 0xc0, 0x0, 0xf, 0x50, 0x0, 0x0,
    0x0, 0x0, 0x0, 0x0, 0xf, 0x70, 0x0, 0x0,
    0x4e, 0xee, 0x10, 0x0, 0x3f, 0xa0, 0x0, 0x0,
    0x15, 0x6f, 0x20, 0x0, 0x5f, 0xe0, 0x0, 0x0,
    0x0, 0x1f, 0x20, 0x0, 0x99, 0xe3, 0x0, 0x0,
    0x0, 0x1f, 0x20, 0x0, 0xe4, 0x99, 0x0, 0x0,
    0x0, 0x1f, 0x23, 0x6, 0xd0, 0x3f, 0x10, 0x0,
    0x0, 0x1f, 0x6f, 0x3e, 0x50, 0xb, 0xa0, 0x0,
    0x0, 0x1f, 0xf5, 0xbb, 0x0, 0x2, 0xf6, 0x0,
    0x0, 0x5f, 0x4a, 0xe1, 0x0, 0x0, 0x6f, 0x40,
    0x0, 0x3, 0x6e, 0x20, 0x0, 0x0, 0x8, 0xd0,
    0x0, 0x0, 0x1, 0x0, 0x0, 0x0, 0x0, 0x10,

    /* U+8BAE "议" */
    0x1, 0x80, 0x0, 0x0, 0x76, 0x0, 0x0, 0x0,
    0x1, 0xd9, 0x0, 0x30, 0x6e, 0x0, 0x38, 0x0,
    0x0, 0x3f, 0x54, 0xe0, 0xe, 0x60, 0x7b, 0x0,
    0x0, 0x8, 0x60, 0xf3, 0x7, 0xa0, 0xa8, 0x0,
    0x0, 0x0, 0x0, 0xb8, 0x0, 0x0, 0xf4, 0x0,
    0x1f, 0xfe, 0x0, 0x5e, 0x0, 0x4, 0xf0, 0x0,
    0x3, 0x6e, 0x0, 0xe, 0x60, 0xa, 0xa0, 0x0,
    0x0, 0x4e, 0x0, 0x6, 0xe0, 0x2f, 0x30, 0x0,
    0x0, 0x4e, 0x0, 0x0, 0xd9, 0xbb, 0x0, 0x0,
    0x0, 0x4e, 0x0, 0x0, 0x3f, 0xf2, 0x0, 0x0,
    0x0, 0x4e, 0x2d, 0x0, 0x7f, 0xf5, 0x0, 0x0,
    0x0, 0x4f, 0xe9, 0xa, 0xf5, 0x7f, 0x70, 0x0,
    0x0, 0x7f, 0x64, 0xde, 0x30, 0x6, 0xfb, 0x10,
    0x0, 0x24, 0x4f, 0xa1, 0x0, 0x0, 0x3d, 0xf1,
    0x0, 0x0, 0x3, 0x0, 0x0, 0x0, 0x0, 0x50,

    /* U+8BEF "误" */
    0x0, 0x50, 0x0, 0x11, 0x11, 0x11, 0x10, 0x0,
    0x0, 0xd9, 0x1, 0xff, 0xff, 0xff, 0xf8, 0x0,
    0x0, 0x2f, 0x61, 0xf1, 0x0, 0x0, 0xb8, 0x0,
    0x0, 0x6, 0x71, 0xf2, 0x0, 0x0, 0xb8, 0x0,
    0x0, 0x0, 0x1, 0xff, 0xff, 0xff, 0xf8, 0x0,
    0x2e, 0xed, 0x0, 0x0, 0x0, 0x0, 0x0, 0x0,
    0x1, 0x4e, 0x8, 0xcc, 0xcc, 0xcc, 0xcc, 0x0,
    0x0, 0x3e, 0x3, 0x44, 0x4e, 0x64, 0x44, 0x0,
    0x0, 0x3e, 0x0, 0x0, 0xe, 0x30, 0x0, 0x0,
    0x0, 0x3e, 0x2f, 0xff, 0xff, 0xff, 0xff, 0x80,
    0x0, 0x3e, 0x3, 0x11, 0x7f, 0xc1, 0x11, 0x0,
    0x0, 0x3f, 0xc7, 0x2, 0xe7, 0xd8, 0x0, 0x0,
    0x0, 0x6f, 0x82, 0x8f, 0x80, 0x2d, 0xd5, 0x10,
    0x0, 0x46, 0x5f, 0xc3, 0x0, 0x0, 0x7e, 0xe0,
    0x0, 0x0, 0x12, 0x0, 0x0, 0x0, 0x0, 0x20,

    /* U+8BF7 "请" */
    0x0, 0x0, 0x0, 0x0, 0x0, 0x0, 0x0, 0x0,
    0x7, 0x10, 0x0, 0x0, 0xe3, 0x0, 0x0, 0x0,
    0xb9, 0x7, 0x99, 0x9f, 0xb9, 0x99, 0x20, 0x1,
    0xf3, 0x45, 0x55, 0xe7, 0x55, 0x51, 0x0, 0x7,
    0x43, 0xbb, 0xbf, 0xcb, 0xb9, 0x0, 0x0, 0x0,
    0x13, 0x33, 0xe6, 0x33, 0x30, 0x3e, 0xed, 0x3c,
    0xcc, 0xcf, 0xdc, 0xcc, 0xa0, 0x36, 0xe0, 0x22,
    0x22, 0x22, 0x22, 0x22, 0x0, 0x3e, 0x1, 0xdd,
    0xdd, 0xdd, 0xd5, 0x0, 0x3, 0xe0, 0x1f, 0x21,
    0x11, 0x1b, 0x60, 0x0, 0x3e, 0x1, 0xfe, 0xee,
    0xee, 0xf6, 0x0, 0x3, 0xe1, 0x2f, 0x11, 0x11,
    0x1b, 0x60, 0x0, 0x3f, 0xd5, 0xff, 0xff, 0xff,
    0xf6, 0x0, 0x6, 0xf6, 0x1f, 0x0, 0x0, 0xb,
    0x60, 0x0, 0x34, 0x1, 0xf0, 0x0, 0x1d, 0xc2,
    0x0,

    /* U+8D25 "败" */
    0x0, 0x0, 0x0, 0x0, 0x5, 0x70, 0x0, 0x0,
    0x1, 0x99, 0x99, 0x80, 0xb, 0x80, 0x0, 0x0,
    0x3, 0xf8, 0x89, 0xf0, 0x1f, 0x52, 0x22, 0x20,
    0x3, 0xe1, 0x72, 0xf0, 0x6f, 0xff, 0xff, 0xf1,
    0x3, 0xe2, 0xe2, 0xf0, 0xea, 0x0, 0x7b, 0x0,
    0x3, 0xe2, 0xe2, 0xf7, 0xfc, 0x0, 0xa8, 0x0,
    0x3, 0xe2, 0xe2, 0xfd, 0x6f, 0x0, 0xd5, 0x0,
    0x3, 0xe2, 0xe2, 0xf1, 0xc, 0x41, 0xf1, 0x0,
    0x3, 0xe2, 0xe2, 0xf0, 0x7, 0xb7, 0xb0, 0x0,
    0x3, 0xe3, 0xd2, 0xf0, 0x0, 0xee, 0x30, 0x0,
    0x0, 0x38, 0x91, 0x30, 0x0, 0xce, 0x0, 0x0,
    0x0, 0x2e, 0x6e, 0x20, 0x9, 0xdc, 0xb0, 0x0,
    0x2, 0xd7, 0x7, 0xe1, 0xad, 0x20, 0xdb, 0x0,
    0x3f, 0x80, 0x0, 0x8e, 0xc1, 0x0, 0x1b, 0xd1,
    0x4, 0x0, 0x0, 0x28, 0x0, 0x0, 0x0, 0x60,

    /* U+8F7D "载" */
    0x0, 0x0, 0x0, 0x0, 0x0, 0x0, 0x0, 0x0,
    0x0, 0x6, 0xa0, 0x0, 0xe4, 0x20, 0x0, 0x0,
    0x22, 0x8b, 0x22, 0x1d, 0x4c, 0xa0, 0x0, 0x4d,
    0xde, 0xfd, 0xd6, 0xd5, 0x1d, 0x90, 0x0, 0x0,
    0x6b, 0x0, 0xc, 0x60, 0x15, 0x2, 0xff, 0xff,
    0xff, 0xff, 0xff, 0xff, 0xfe, 0x1, 0x13, 0xb1,
    0x11, 0x1b, 0x91, 0x24, 0x10, 0x9c, 0xdf, 0xcc,
    0xc8, 0x8a, 0x6, 0xc0, 0x3, 0x7f, 0x44, 0x44,
    0x26, 0xc0, 0xd5, 0x0, 0xc, 0x80, 0x70, 0x0,
    0x4f, 0x6e, 0x0, 0x1, 0xff, 0xff, 0xff, 0x80,
    0xff, 0x50, 0x0, 0x1, 0x12, 0xf1, 0x10, 0xd,
    0xb0, 0x31, 0x13, 0x45, 0x7f, 0xac, 0x87, 0xfa,
    0x8, 0x85, 0xdc, 0xba, 0xf7, 0x57, 0xf9, 0xf0,
    0xa6, 0x0, 0x0, 0x1f, 0x14, 0xf6, 0xd, 0x9e,
    0x30, 0x0, 0x1, 0xf1, 0x16, 0x0, 0x3e, 0xa0,

    /* U+91C7 "采" */
    0x0, 0x0, 0x0, 0x0, 0x0, 0x13, 0x52, 0x0,
    0x49, 0xab, 0xcc, 0xdf, 0xff, 0xec, 0x50, 0x2,
    0x89, 0x76, 0x79, 0x31, 0x2, 0x70, 0x0, 0x8,
    0xc0, 0x5, 0xf1, 0x0, 0xaa, 0x0, 0x0, 0x1f,
    0x50, 0xd, 0x90, 0x3f, 0x30, 0x0, 0x0, 0x9d,
    0x0, 0x69, 0xc, 0xa0, 0x0, 0x0, 0x1, 0x80,
    0xa, 0x20, 0x91, 0x0, 0x0, 0x44, 0x44, 0x44,
    0xf7, 0x44, 0x44, 0x40, 0xc, 0xdd, 0xdd, 0xff,
    0xfd, 0xdd, 0xdd, 0x10, 0x0, 0x0, 0x4e, 0xff,
    0x60, 0x0, 0x0, 0x0, 0x0, 0x6f, 0x4f, 0x5e,
    0x80, 0x0, 0x0, 0x2, 0xbe, 0x30, 0xf3, 0x1c,
    0xc2, 0x0, 0x29, 0xfa, 0x10, 0xf, 0x30, 0x8,
    0xfa, 0x25, 0xc4, 0x0, 0x0, 0xf3, 0x0, 0x2,
    0xa9, 0x0, 0x0, 0x0, 0xf, 0x30, 0x0, 0x0,
    0x0,

    /* U+9519 "错" */
    0x0, 0x0, 0x0, 0x0, 0x0, 0x0, 0x0, 0x0,
    0x7, 0xa0, 0x0, 0x2b, 0x0, 0xb3, 0x0, 0x0,
    0xe4, 0x0, 0x3, 0xe0, 0xd, 0x40, 0x0, 0x5f,
    0xff, 0xac, 0xff, 0xff, 0xff, 0xf4, 0xd, 0x42,
    0x21, 0x2, 0xe0, 0xd, 0x40, 0x6, 0xa1, 0x11,
    0x0, 0x2e, 0x0, 0xd4, 0x0, 0xa, 0xff, 0xf7,
    0xff, 0xff, 0xff, 0xff, 0xb0, 0x7, 0xa0, 0x1,
    0x11, 0x11, 0x11, 0x11, 0x0, 0x7a, 0x0, 0x2,
    0x22, 0x22, 0x21, 0x0, 0xac, 0xda, 0x75, 0xfe,
    0xee, 0xef, 0x60, 0x5, 0xac, 0x54, 0x5c, 0x0,
    0x0, 0xb6, 0x0, 0x7, 0xa0, 0x5, 0xff, 0xff,
    0xff, 0x60, 0x0, 0x7a, 0x25, 0x5c, 0x11, 0x11,
    0xc6, 0x0, 0x7, 0xde, 0x95, 0xd1, 0x11, 0x1c,
    0x60, 0x0, 0xbe, 0x50, 0x5f, 0xff, 0xff, 0xf6,
    0x0, 0x3, 0x10, 0x5, 0xc0, 0x0, 0xb, 0x60,

    /* U+95ED "闭" */
    0x0, 0x0, 0x0, 0x0, 0x0, 0x0, 0x0, 0xb6,
    0x0, 0x0, 0x0, 0x0, 0x0, 0x4, 0xf6, 0x2f,
    0xff, 0xff, 0xff, 0xe0, 0x5, 0xf2, 0x33, 0x33,
    0x33, 0x7f, 0x16, 0x3, 0x0, 0x1, 0x80, 0x4,
    0xf3, 0xf0, 0x0, 0x0, 0x3f, 0x0, 0x4f, 0x3f,
    0x5f, 0xff, 0xff, 0xff, 0xf7, 0xf3, 0xf0, 0x11,
    0x15, 0xff, 0x11, 0x4f, 0x3f, 0x0, 0x1, 0xe8,
    0xf0, 0x4, 0xf3, 0xf0, 0x1, 0xd9, 0x3f, 0x0,
    0x4f, 0x3f, 0x3, 0xeb, 0x3, 0xf0, 0x4, 0xf3,
    0xf6, 0xfa, 0x0, 0x3f, 0x0, 0x4f, 0x3f, 0x25,
    0x0, 0x5, 0xf0, 0x4, 0xf3, 0xf0, 0x0, 0x5e,
    0xfb, 0x0, 0x7f, 0x3f, 0x0, 0x1, 0x43, 0x6,
    0xff, 0xd3, 0xf0, 0x0, 0x0, 0x0, 0x4f, 0xe5,
    0x0, 0x0, 0x0, 0x0, 0x0, 0x0, 0x0,

    /* U+96C6 "集" */
    0x0, 0x2, 0x70, 0x4, 0x60, 0x0, 0x0, 0x0,
    0x0, 0xa9, 0x0, 0x5e, 0x0, 0x0, 0x0, 0x0,
    0x5f, 0xee, 0xee, 0xfe, 0xee, 0xee, 0x0, 0x3f,
    0xd0, 0x0, 0x2f, 0x0, 0x0, 0x0, 0x3e, 0xcf,
    0xee, 0xee, 0xfe, 0xee, 0xe7, 0x4, 0x75, 0xd1,
    0x11, 0x3f, 0x11, 0x11, 0x10, 0x0, 0x5f, 0xcc,
    0xcc, 0xfc, 0xcc, 0xc7, 0x0, 0x5, 0xd2, 0x22,
    0x4f, 0x22, 0x22, 0x20, 0x0, 0x4c, 0xcc, 0xcc,
    0xcc, 0xcc, 0xcc, 0x30, 0x11, 0x11, 0x11, 0xa5,
    0x11, 0x11, 0x10, 0xc, 0xee, 0xee, 0xef, 0xfe,
    0xee, 0xee, 0x50, 0x0, 0x0, 0x3d, 0xff, 0x91,
    0x0, 0x0, 0x0, 0x5, 0xcd, 0x3c, 0x58, 0xf9,
    0x40, 0x3, 0xbf, 0xc6, 0x0, 0xc5, 0x1, 0x8e,
    0xf9, 0x18, 0x30, 0x0, 0xc, 0x50, 0x0, 0x3,
    0x50,

    /* U+97F3 "音" */
    0x0, 0x0, 0x0, 0xb, 0x40, 0x0, 0x0, 0x0,
    0x2, 0x22, 0x22, 0xba, 0x22, 0x22, 0x20, 0x3,
    0xff, 0xff, 0xff, 0xff, 0xff, 0xff, 0x10, 0x0,
    0x3, 0xe0, 0x0, 0xe, 0x30, 0x0, 0x0, 0x0,
    0xf, 0x20, 0x2, 0xf0, 0x0, 0x1, 0xff, 0xff,
    0xff, 0xff, 0xff, 0xff, 0xfd, 0x2, 0x22, 0x22,
    0x22, 0x22, 0x22, 0x22, 0x10, 0x0, 0x22, 0x22,
    0x22, 0x22, 0x22, 0x0, 0x0, 0x1f, 0xff, 0xff,
    0xff, 0xff, 0xf0, 0x0, 0x1, 0xf1, 0x0, 0x0,
    0x0, 0x4f, 0x0, 0x0, 0x1f, 0xff, 0xff, 0xff,
    0xff, 0xf0, 0x0, 0x1, 0xf2, 0x11, 0x11, 0x11,
    0x5f, 0x0, 0x0, 0x1f, 0x31, 0x11, 0x11, 0x15,
    0xf0, 0x0, 0x1, 0xff, 0xff, 0xff, 0xff, 0xff,
    0x0, 0x0, 0x1f, 0x10, 0x0, 0x0, 0x4, 0xf0,
    0x0,

    /* U+98CE "风" */
    0x0, 0x1, 0x11, 0x11, 0x11, 0x11, 0x10, 0x0,
    0x0, 0x6f, 0xff, 0xff, 0xff, 0xff, 0xf0, 0x0,
    0x0, 0x6d, 0x11, 0x11, 0x11, 0x15, 0xf0, 0x0,
    0x0, 0x6d, 0x6, 0x0, 0x6, 0x84, 0xf0, 0x0,
    0x0, 0x6d, 0x1e, 0x60, 0xd, 0x64, 0xf0, 0x0,
    0x0, 0x6d, 0x4, 0xf2, 0x6e, 0x4, 0xf0, 0x0,
    0x0, 0x6d, 0x0, 0x9c, 0xe5, 0x4, 0xf0, 0x0,
    0x0, 0x6d, 0x0, 0xe, 0xd0, 0x4, 0xf0, 0x0,
    0x0, 0x6c, 0x0, 0x4f, 0xf2, 0x4, 0xf0, 0x0,
    0x0, 0x8a, 0x1, 0xe7, 0xab, 0x3, 0xf0, 0x0,
    0x0, 0xb7, 0xc, 0xb0, 0x1f, 0x62, 0xf0, 0xb2,
    0x0, 0xf3, 0xbd, 0x10, 0x7, 0xe1, 0xf2, 0xf1,
    0x7, 0xd0, 0x81, 0x0, 0x0, 0x50, 0xdd, 0xe0,
    0xd, 0x40, 0x0, 0x0, 0x0, 0x0, 0x5f, 0x60,
    0x0, 0x0, 0x0, 0x0, 0x0, 0x0, 0x0, 0x0,

    /* U+9EA6 "麦" */
    0x0, 0x0, 0x0, 0x9, 0x70, 0x0, 0x0, 0x0,
    0x0, 0x22, 0x22, 0x2b, 0x92, 0x22, 0x22, 0x0,
    0x3, 0xff, 0xff, 0xff, 0xff, 0xff, 0xff, 0x10,
    0x0, 0x11, 0x11, 0x1a, 0x81, 0x11, 0x10, 0x0,
    0x0, 0xbf, 0xff, 0xff, 0xff, 0xff, 0xf8, 0x0,
    0x0, 0x0, 0x0, 0xa, 0x80, 0x0, 0x0, 0x0,
    0x1f, 0xff, 0xff, 0xff, 0xff, 0xff, 0xff, 0xd0,
    0x1, 0x11, 0x1c, 0xb1, 0x11, 0x11, 0x11, 0x10,
    0x0, 0x0, 0xaf, 0x53, 0x33, 0x33, 0x20, 0x0,
    0x0, 0x1b, 0xfd, 0xcc, 0xcc, 0xcf, 0xc0, 0x0,
    0x3, 0xec, 0xbc, 0x10, 0x0, 0xbd, 0x20, 0x0,
    0xb, 0x80, 0x9, 0xe6, 0x6e, 0xa1, 0x0, 0x0,
    0x0, 0x0, 0x4, 0xcf, 0xfb, 0x30, 0x0, 0x0,
    0x6, 0x9b, 0xfd, 0x83, 0x49, 0xef, 0xc9, 0x70,
    0xa, 0x85, 0x10, 0x0, 0x0, 0x2, 0x58, 0x80
};


/*---------------------
 *  GLYPH DESCRIPTION
 *--------------------*/

static const lv_font_fmt_txt_glyph_dsc_t glyph_dsc[] = {
    {.bitmap_index = 0, .adv_w = 0, .box_w = 0, .box_h = 0, .ofs_x = 0, .ofs_y = 0} /* id = 0 reserved */,
    {.bitmap_index = 0, .adv_w = 66, .box_w = 0, .box_h = 0, .ofs_x = 0, .ofs_y = 0},
    {.bitmap_index = 0, .adv_w = 91, .box_w = 3, .box_h = 11, .ofs_x = 1, .ofs_y = 0},
    {.bitmap_index = 17, .adv_w = 104, .box_w = 5, .box_h = 5, .ofs_x = 1, .ofs_y = 7},
    {.bitmap_index = 30, .adv_w = 154, .box_w = 10, .box_h = 11, .ofs_x = 0, .ofs_y = 0},
    {.bitmap_index = 85, .adv_w = 147, .box_w = 7, .box_h = 16, .ofs_x = 1, .ofs_y = -3},
    {.bitmap_index = 141, .adv_w = 210, .box_w = 12, .box_h = 11, .ofs_x = 1, .ofs_y = 0},
    {.bitmap_index = 207, .adv_w = 164, .box_w = 11, .box_h = 11, .ofs_x = 0, .ofs_y = 0},
    {.bitmap_index = 268, .adv_w = 65, .box_w = 2, .box_h = 5, .ofs_x = 1, .ofs_y = 7},
    {.bitmap_index = 273, .adv_w = 92, .box_w = 4, .box_h = 15, .ofs_x = 1, .ofs_y = -3},
    {.bitmap_index = 303, .adv_w = 92, .box_w = 5, .box_h = 15, .ofs_x = 0, .ofs_y = -3},
    {.bitmap_index = 341, .adv_w = 110, .box_w = 7, .box_h = 6, .ofs_x = 0, .ofs_y = 6},
    {.bitmap_index = 362, .adv_w = 141, .box_w = 9, .box_h = 8, .ofs_x = 0, .ofs_y = 1},
    {.bitmap_index = 398, .adv_w = 77, .box_w = 4, .box_h = 5, .ofs_x = 0, .ofs_y = -2},
    {.bitmap_index = 408, .adv_w = 113, .box_w = 5, .box_h = 2, .ofs_x = 1, .ofs_y = 4},
    {.bitmap_index = 413, .adv_w = 77, .box_w = 3, .box_h = 3, .ofs_x = 1, .ofs_y = 0},
    {.bitmap_index = 418, .adv_w = 128, .box_w = 6, .box_h = 13, .ofs_x = 1, .ofs_y = 0},
    {.bitmap_index = 457, .adv_w = 147, .box_w = 9, .box_h = 11, .ofs_x = 0, .ofs_y = 0},
    {.bitmap_index = 507, .adv_w = 147, .box_w = 5, .box_h = 11, .ofs_x = 1, .ofs_y = 0},
    {.bitmap_index = 535, .adv_w = 147, .box_w = 9, .box_h = 11, .ofs_x = 0, .ofs_y = 0},
    {.bitmap_index = 585, .adv_w = 147, .box_w = 7, .box_h = 11, .ofs_x = 1, .ofs_y = 0},
    {.bitmap_index = 624, .adv_w = 147, .box_w = 9, .box_h = 11, .ofs_x = 0, .ofs_y = 0},
    {.bitmap_index = 674, .adv_w = 147, .box_w = 8, .box_h = 11, .ofs_x = 1, .ofs_y = 0},
    {.bitmap_index = 718, .adv_w = 147, .box_w = 9, .box_h = 11, .ofs_x = 0, .ofs_y = 0},
    {.bitmap_index = 768, .adv_w = 147, .box_w = 9, .box_h = 11, .ofs_x = 0, .ofs_y = 0},
    {.bitmap_index = 818, .adv_w = 147, .box_w = 9, .box_h = 11, .ofs_x = 0, .ofs_y = 0},
    {.bitmap_index = 868, .adv_w = 147, .box_w = 9, .box_h = 11, .ofs_x = 0, .ofs_y = 0},
    {.bitmap_index = 918, .adv_w = 97, .box_w = 3, .box_h = 9, .ofs_x = 2, .ofs_y = 0},
    {.bitmap_index = 932, .adv_w = 97, .box_w = 4, .box_h = 12, .ofs_x = 1, .ofs_y = -3},
    {.bitmap_index = 956, .adv_w = 141, .box_w = 9, .box_h = 10, .ofs_x = 0, .ofs_y = 0},
    {.bitmap_index = 1001, .adv_w = 141, .box_w = 9, .box_h = 7, .ofs_x = 0, .ofs_y = 2},
    {.bitmap_index = 1033, .adv_w = 141, .box_w = 9, .box_h = 10, .ofs_x = 0, .ofs_y = 0},
    {.bitmap_index = 1078, .adv_w = 110, .box_w = 7, .box_h = 11, .ofs_x = 0, .ofs_y = 0},
    {.bitmap_index = 1117, .adv_w = 220, .box_w = 14, .box_h = 14, .ofs_x = 0, .ofs_y = -3},
    {.bitmap_index = 1215, .adv_w = 171, .box_w = 11, .box_h = 11, .ofs_x = 0, .ofs_y = 0},
    {.bitmap_index = 1276, .adv_w = 159, .box_w = 8, .box_h = 11, .ofs_x = 1, .ofs_y = 0},
    {.bitmap_index = 1320, .adv_w = 153, .box_w = 8, .box_h = 11, .ofs_x = 1, .ofs_y = 0},
    {.bitmap_index = 1364, .adv_w = 179, .box_w = 10, .box_h = 11, .ofs_x = 1, .ofs_y = 0},
    {.bitmap_index = 1419, .adv_w = 142, .box_w = 8, .box_h = 11, .ofs_x = 1, .ofs_y = 0},
    {.bitmap_index = 1463, .adv_w = 135, .box_w = 7, .box_h = 11, .ofs_x = 1, .ofs_y = 0},
    {.bitmap_index = 1502, .adv_w = 175, .box_w = 9, .box_h = 11, .ofs_x = 1, .ofs_y = 0},
    {.bitmap_index = 1552, .adv_w = 181, .box_w = 9, .box_h = 11, .ofs_x = 1, .ofs_y = 0},
    {.bitmap_index = 1602, .adv_w = 70, .box_w = 2, .box_h = 11, .ofs_x = 1, .ofs_y = 0},
    {.bitmap_index = 1613, .adv_w = 69, .box_w = 5, .box_h = 14, .ofs_x = -2, .ofs_y = -3},
    {.bitmap_index = 1648, .adv_w = 157, .box_w = 9, .box_h = 11, .ofs_x = 1, .ofs_y = 0},
    {.bitmap_index = 1698, .adv_w = 130, .box_w = 7, .box_h = 11, .ofs_x = 1, .ofs_y = 0},
    {.bitmap_index = 1737, .adv_w = 212, .box_w = 11, .box_h = 11, .ofs_x = 1, .ofs_y = 0},
    {.bitmap_index = 1798, .adv_w = 189, .box_w = 10, .box_h = 11, .ofs_x = 1, .ofs_y = 0},
    {.bitmap_index = 1853, .adv_w = 190, .box_w = 10, .box_h = 11, .ofs_x = 1, .ofs_y = 0},
    {.bitmap_index = 1908, .adv_w = 153, .box_w = 8, .box_h = 11, .ofs_x = 1, .ofs_y = 0},
    {.bitmap_index = 1952, .adv_w = 190, .box_w = 10, .box_h = 13, .ofs_x = 1, .ofs_y = -2},
    {.bitmap_index = 2017, .adv_w = 157, .box_w = 9, .box_h = 11, .ofs_x = 1, .ofs_y = 0},
    {.bitmap_index = 2067, .adv_w = 145, .box_w = 9, .box_h = 11, .ofs_x = 0, .ofs_y = 0},
    {.bitmap_index = 2117, .adv_w = 135, .box_w = 9, .box_h = 11, .ofs_x = 0, .ofs_y = 0},
    {.bitmap_index = 2167, .adv_w = 179, .box_w = 9, .box_h = 11, .ofs_x = 1, .ofs_y = 0},
    {.bitmap_index = 2217, .adv_w = 158, .box_w = 10, .box_h = 11, .ofs_x = 0, .ofs_y = 0},
    {.bitmap_index = 2272, .adv_w = 230, .box_w = 14, .box_h = 11, .ofs_x = 0, .ofs_y = 0},
    {.bitmap_index = 2349, .adv_w = 160, .box_w = 10, .box_h = 11, .ofs_x = 0, .ofs_y = 0},
    {.bitmap_index = 2404, .adv_w = 152, .box_w = 10, .box_h = 11, .ofs_x = 0, .ofs_y = 0},
    {.bitmap_index = 2459, .adv_w = 160, .box_w = 10, .box_h = 11, .ofs_x = 0, .ofs_y = 0},
    {.bitmap_index = 2514, .adv_w = 75, .box_w = 4, .box_h = 15, .ofs_x = 1, .ofs_y = -3},
    {.bitmap_index = 2544, .adv_w = 131, .box_w = 8, .box_h = 14, .ofs_x = 0, .ofs_y = -2},
    {.bitmap_index = 2600, .adv_w = 75, .box_w = 4, .box_h = 15, .ofs_x = 0, .ofs_y = -3},
    {.bitmap_index = 2630, .adv_w = 141, .box_w = 8, .box_h = 6, .ofs_x = 0, .ofs_y = 5},
    {.bitmap_index = 2654, .adv_w = 128, .box_w = 8, .box_h = 2, .ofs_x = 0, .ofs_y = -4},
    {.bitmap_index = 2662, .adv_w = 89, .box_w = 5, .box_h = 3, .ofs_x = 0, .ofs_y = 10},
    {.bitmap_index = 2670, .adv_w = 157, .box_w = 9, .box_h = 9, .ofs_x = 0, .ofs_y = 0},
    {.bitmap_index = 2711, .adv_w = 163, .box_w = 9, .box_h = 12, .ofs_x = 1, .ofs_y = 0},
    {.bitmap_index = 2765, .adv_w = 127, .box_w = 8, .box_h = 9, .ofs_x = 0, .ofs_y = 0},
    {.bitmap_index = 2801, .adv_w = 163, .box_w = 9, .box_h = 12, .ofs_x = 0, .ofs_y = 0},
    {.bitmap_index = 2855, .adv_w = 148, .box_w = 9, .box_h = 9, .ofs_x = 0, .ofs_y = 0},
    {.bitmap_index = 2896, .adv_w = 89, .box_w = 6, .box_h = 12, .ofs_x = 0, .ofs_y = 0},
    {.bitmap_index = 2932, .adv_w = 163, .box_w = 9, .box_h = 12, .ofs_x = 0, .ofs_y = -3},
    {.bitmap_index = 2986, .adv_w = 158, .box_w = 8, .box_h = 12, .ofs_x = 1, .ofs_y = 0},
    {.bitmap_index = 3034, .adv_w = 69, .box_w = 2, .box_h = 12, .ofs_x = 1, .ofs_y = 0},
    {.bitmap_index = 3046, .adv_w = 69, .box_w = 5, .box_h = 15, .ofs_x = -2, .ofs_y = -3},
    {.bitmap_index = 3084, .adv_w = 133, .box_w = 8, .box_h = 12, .ofs_x = 1, .ofs_y = 0},
    {.bitmap_index = 3132, .adv_w = 73, .box_w = 4, .box_h = 12, .ofs_x = 1, .ofs_y = 0},
    {.bitmap_index = 3156, .adv_w = 236, .box_w = 13, .box_h = 9, .ofs_x = 1, .ofs_y = 0},
    {.bitmap_index = 3215, .adv_w = 158, .box_w = 8, .box_h = 9, .ofs_x = 1, .ofs_y = 0},
    {.bitmap_index = 3251, .adv_w = 158, .box_w = 9, .box_h = 9, .ofs_x = 0, .ofs_y = 0},
    {.bitmap_index = 3292, .adv_w = 163, .box_w = 9, .box_h = 12, .ofs_x = 1, .ofs_y = -3},
    {.bitmap_index = 3346, .adv_w = 163, .box_w = 9, .box_h = 12, .ofs_x = 0, .ofs_y = -3},
    {.bitmap_index = 3400, .adv_w = 97, .box_w = 5, .box_h = 9, .ofs_x = 1, .ofs_y = 0},
    {.bitmap_index = 3423, .adv_w = 123, .box_w = 7, .box_h = 9, .ofs_x = 0, .ofs_y = 0},
    {.bitmap_index = 3455, .adv_w = 86, .box_w = 6, .box_h = 11, .ofs_x = 0, .ofs_y = 0},
    {.bitmap_index = 3488, .adv_w = 157, .box_w = 8, .box_h = 9, .ofs_x = 1, .ofs_y = 0},
    {.bitmap_index = 3524, .adv_w = 135, .box_w = 9, .box_h = 9, .ofs_x = 0, .ofs_y = 0},
    {.bitmap_index = 3565, .adv_w = 212, .box_w = 13, .box_h = 9, .ofs_x = 0, .ofs_y = 0},
    {.bitmap_index = 3624, .adv_w = 132, .box_w = 9, .box_h = 9, .ofs_x = 0, .ofs_y = 0},
    {.bitmap_index = 3665, .adv_w = 135, .box_w = 9, .box_h = 12, .ofs_x = 0, .ofs_y = -3},
    {.bitmap_index = 3719, .adv_w = 130, .box_w = 8, .box_h = 9, .ofs_x = 0, .ofs_y = 0},
    {.bitmap_index = 3755, .adv_w = 77, .box_w = 5, .box_h = 15, .ofs_x = 0, .ofs_y = -3},
    {.bitmap_index = 3793, .adv_w = 47, .box_w = 3, .box_h = 15, .ofs_x = 0, .ofs_y = -3},
    {.bitmap_index = 3816, .adv_w = 77, .box_w = 4, .box_h = 15, .ofs_x = 0, .ofs_y = -3},
    {.bitmap_index = 3846, .adv_w = 141, .box_w = 9, .box_h = 4, .ofs_x = 0, .ofs_y = 3},
    {.bitmap_index = 3864, .adv_w = 252, .box_w = 15, .box_h = 14, .ofs_x = 0, .ofs_y = -1},
    {.bitmap_index = 3969, .adv_w = 252, .box_w = 13, .box_h = 15, .ofs_x = 1, .ofs_y = -2},
    {.bitmap_index = 4067, .adv_w = 252, .box_w = 16, .box_h = 15, .ofs_x = 0, .ofs_y = -2},
    {.bitmap_index = 4187, .adv_w = 252, .box_w = 15, .box_h = 15, .ofs_x = 0, .ofs_y = -2},
    {.bitmap_index = 4300, .adv_w = 252, .box_w = 15, .box_h = 17, .ofs_x = 0, .ofs_y = -3},
    {.bitmap_index = 4428, .adv_w = 252, .box_w = 16, .box_h = 15, .ofs_x = 0, .ofs_y = -2},
    {.bitmap_index = 4548, .adv_w = 252, .box_w = 16, .box_h = 16, .ofs_x = 0, .ofs_y = -3},
    {.bitmap_index = 4676, .adv_w = 252, .box_w = 15, .box_h = 15, .ofs_x = 0, .ofs_y = -2},
    {.bitmap_index = 4789, .adv_w = 252, .box_w = 16, .box_h = 16, .ofs_x = 0, .ofs_y = -3},
    {.bitmap_index = 4917, .adv_w = 252, .box_w = 15, .box_h = 15, .ofs_x = 0, .ofs_y = -2},
    {.bitmap_index = 5030, .adv_w = 252, .box_w = 16, .box_h = 15, .ofs_x = 0, .ofs_y = -2},
    {.bitmap_index = 5150, .adv_w = 252, .box_w = 15, .box_h = 16, .ofs_x = 0, .ofs_y = -2},
    {.bitmap_index = 5270, .adv_w = 252, .box_w = 13, .box_h = 14, .ofs_x = 1, .ofs_y = -2},
    {.bitmap_index = 5361, .adv_w = 252, .box_w = 15, .box_h = 15, .ofs_x = 0, .ofs_y = -2},
    {.bitmap_index = 5474, .adv_w = 252, .box_w = 16, .box_h = 15, .ofs_x = 0, .ofs_y = -2},
    {.bitmap_index = 5594, .adv_w = 252, .box_w = 12, .box_h = 14, .ofs_x = 2, .ofs_y = -2},
    {.bitmap_index = 5678, .adv_w = 252, .box_w = 14, .box_h = 14, .ofs_x = 1, .ofs_y = -2},
    {.bitmap_index = 5776, .adv_w = 252, .box_w = 15, .box_h = 14, .ofs_x = 0, .ofs_y = -2},
    {.bitmap_index = 5881, .adv_w = 252, .box_w = 15, .box_h = 16, .ofs_x = 0, .ofs_y = -2},
    {.bitmap_index = 6001, .adv_w = 252, .box_w = 16, .box_h = 15, .ofs_x = 0, .ofs_y = -2},
    {.bitmap_index = 6121, .adv_w = 252, .box_w = 16, .box_h = 15, .ofs_x = 0, .ofs_y = -2},
    {.bitmap_index = 6241, .adv_w = 252, .box_w = 16, .box_h = 16, .ofs_x = 0, .ofs_y = -2},
    {.bitmap_index = 6369, .adv_w = 252, .box_w = 15, .box_h = 15, .ofs_x = 0, .ofs_y = -2},
    {.bitmap_index = 6482, .adv_w = 252, .box_w = 15, .box_h = 15, .ofs_x = 0, .ofs_y = -2},
    {.bitmap_index = 6595, .adv_w = 252, .box_w = 15, .box_h = 16, .ofs_x = 0, .ofs_y = -3},
    {.bitmap_index = 6715, .adv_w = 252, .box_w = 15, .box_h = 15, .ofs_x = 0, .ofs_y = -2},
    {.bitmap_index = 6828, .adv_w = 252, .box_w = 15, .box_h = 15, .ofs_x = 0, .ofs_y = -2},
    {.bitmap_index = 6941, .adv_w = 252, .box_w = 15, .box_h = 16, .ofs_x = 0, .ofs_y = -2},
    {.bitmap_index = 7061, .adv_w = 252, .box_w = 14, .box_h = 14, .ofs_x = 1, .ofs_y = -2},
    {.bitmap_index = 7159, .adv_w = 252, .box_w = 15, .box_h = 15, .ofs_x = 0, .ofs_y = -3},
    {.bitmap_index = 7272, .adv_w = 252, .box_w = 15, .box_h = 15, .ofs_x = 0, .ofs_y = -2},
    {.bitmap_index = 7385, .adv_w = 252, .box_w = 14, .box_h = 15, .ofs_x = 1, .ofs_y = -2},
    {.bitmap_index = 7490, .adv_w = 252, .box_w = 15, .box_h = 15, .ofs_x = 0, .ofs_y = -2},
    {.bitmap_index = 7603, .adv_w = 252, .box_w = 15, .box_h = 16, .ofs_x = 0, .ofs_y = -2},
    {.bitmap_index = 7723, .adv_w = 252, .box_w = 15, .box_h = 15, .ofs_x = 0, .ofs_y = -2},
    {.bitmap_index = 7836, .adv_w = 252, .box_w = 16, .box_h = 15, .ofs_x = 0, .ofs_y = -2},
    {.bitmap_index = 7956, .adv_w = 252, .box_w = 15, .box_h = 16, .ofs_x = 0, .ofs_y = -3},
    {.bitmap_index = 8076, .adv_w = 252, .box_w = 15, .box_h = 15, .ofs_x = 0, .ofs_y = -2},
    {.bitmap_index = 8189, .adv_w = 252, .box_w = 16, .box_h = 16, .ofs_x = 0, .ofs_y = -3},
    {.bitmap_index = 8317, .adv_w = 252, .box_w = 15, .box_h = 15, .ofs_x = 0, .ofs_y = -2},
    {.bitmap_index = 8430, .adv_w = 252, .box_w = 16, .box_h = 15, .ofs_x = 0, .ofs_y = -2},
    {.bitmap_index = 8550, .adv_w = 252, .box_w = 15, .box_h = 14, .ofs_x = 0, .ofs_y = -2},
    {.bitmap_index = 8655, .adv_w = 252, .box_w = 15, .box_h = 16, .ofs_x = 0, .ofs_y = -2},
    {.bitmap_index = 8775, .adv_w = 252, .box_w = 16, .box_h = 16, .ofs_x = 0, .ofs_y = -3},
    {.bitmap_index = 8903, .adv_w = 252, .box_w = 15, .box_h = 15, .ofs_x = 0, .ofs_y = -2},
    {.bitmap_index = 9016, .adv_w = 252, .box_w = 16, .box_h = 15, .ofs_x = 0, .ofs_y = -2},
    {.bitmap_index = 9136, .adv_w = 252, .box_w = 16, .box_h = 15, .ofs_x = 0, .ofs_y = -2},
    {.bitmap_index = 9256, .adv_w = 252, .box_w = 15, .box_h = 13, .ofs_x = 0, .ofs_y = -1},
    {.bitmap_index = 9354, .adv_w = 252, .box_w = 16, .box_h = 13, .ofs_x = 0, .ofs_y = -1},
    {.bitmap_index = 9458, .adv_w = 252, .box_w = 12, .box_h = 15, .ofs_x = 2, .ofs_y = -3},
    {.bitmap_index = 9548, .adv_w = 252, .box_w = 15, .box_h = 16, .ofs_x = 0, .ofs_y = -2},
    {.bitmap_index = 9668, .adv_w = 252, .box_w = 15, .box_h = 16, .ofs_x = 0, .ofs_y = -3},
    {.bitmap_index = 9788, .adv_w = 252, .box_w = 15, .box_h = 15, .ofs_x = 0, .ofs_y = -2},
    {.bitmap_index = 9901, .adv_w = 252, .box_w = 15, .box_h = 15, .ofs_x = 0, .ofs_y = -2},
    {.bitmap_index = 10014, .adv_w = 252, .box_w = 15, .box_h = 15, .ofs_x = 0, .ofs_y = -2},
    {.bitmap_index = 10127, .adv_w = 252, .box_w = 15, .box_h = 14, .ofs_x = 0, .ofs_y = -1},
    {.bitmap_index = 10232, .adv_w = 252, .box_w = 16, .box_h = 15, .ofs_x = 0, .ofs_y = -2},
    {.bitmap_index = 10352, .adv_w = 252, .box_w = 15, .box_h = 15, .ofs_x = 0, .ofs_y = -2},
    {.bitmap_index = 10465, .adv_w = 252, .box_w = 16, .box_h = 16, .ofs_x = 0, .ofs_y = -2},
    {.bitmap_index = 10593, .adv_w = 252, .box_w = 16, .box_h = 15, .ofs_x = 0, .ofs_y = -2},
    {.bitmap_index = 10713, .adv_w = 252, .box_w = 16, .box_h = 15, .ofs_x = 0, .ofs_y = -2},
    {.bitmap_index = 10833, .adv_w = 252, .box_w = 15, .box_h = 15, .ofs_x = 0, .ofs_y = -1},
    {.bitmap_index = 10946, .adv_w = 252, .box_w = 16, .box_h = 15, .ofs_x = 0, .ofs_y = -2},
    {.bitmap_index = 11066, .adv_w = 252, .box_w = 15, .box_h = 16, .ofs_x = 0, .ofs_y = -2},
    {.bitmap_index = 11186, .adv_w = 252, .box_w = 15, .box_h = 15, .ofs_x = 0, .ofs_y = -2},
    {.bitmap_index = 11299, .adv_w = 252, .box_w = 15, .box_h = 16, .ofs_x = 0, .ofs_y = -2},
    {.bitmap_index = 11419, .adv_w = 252, .box_w = 13, .box_h = 17, .ofs_x = 1, .ofs_y = -3},
    {.bitmap_index = 11530, .adv_w = 252, .box_w = 15, .box_h = 15, .ofs_x = 0, .ofs_y = -2},
    {.bitmap_index = 11643, .adv_w = 252, .box_w = 15, .box_h = 15, .ofs_x = 0, .ofs_y = -2},
    {.bitmap_index = 11756, .adv_w = 252, .box_w = 16, .box_h = 15, .ofs_x = 0, .ofs_y = -2},
    {.bitmap_index = 11876, .adv_w = 252, .box_w = 16, .box_h = 15, .ofs_x = 0, .ofs_y = -2}
};

/*---------------------
 *  CHARACTER MAPPING
 *--------------------*/

static const uint16_t unicode_list_1[] = {
    0x0, 0x23, 0xec, 0x110, 0x116, 0x1d3, 0x20f, 0x252,
    0x29e, 0x341, 0x35b, 0x369, 0x38f, 0x3bc, 0x497, 0x5d9,
    0x5e5, 0x85e, 0x91e, 0x926, 0xafa, 0xafd, 0xb03, 0xb27,
    0xbc1, 0xd4e, 0xd82, 0xe27, 0xfe8, 0x10f6, 0x1127, 0x1130,
    0x114b, 0x117b, 0x11cf, 0x1258, 0x1406, 0x1449, 0x14f8, 0x159b,
    0x177d, 0x17d6, 0x1878, 0x1903, 0x1920, 0x1922, 0x1955, 0x1d59,
    0x25fc, 0x28e4, 0x2a64, 0x2c03, 0x2d3f, 0x30b5, 0x30c9, 0x30dd,
    0x30e0, 0x30e3, 0x3d9a, 0x3da4, 0x3de5, 0x3ded, 0x3f1b, 0x4173,
    0x43bd, 0x470f, 0x47e3, 0x48bc, 0x49e9, 0x4ac4, 0x509c
};

/*Collect the unicode lists and glyph_id offsets*/
static const lv_font_fmt_txt_cmap_t cmaps[] =
{
    {
        .range_start = 32, .range_length = 95, .glyph_id_start = 1,
        .unicode_list = NULL, .glyph_id_ofs_list = NULL, .list_length = 0, .type = LV_FONT_FMT_TXT_CMAP_FORMAT0_TINY
    },
    {
        .range_start = 19978, .range_length = 20637, .glyph_id_start = 96,
        .unicode_list = unicode_list_1, .glyph_id_ofs_list = NULL, .list_length = 71, .type = LV_FONT_FMT_TXT_CMAP_SPARSE_TINY
    }
};

/*-----------------
 *    KERNING
 *----------------*/


/*Map glyph_ids to kern left classes*/
static const uint8_t kern_left_class_mapping[] =
{
    0, 0, 0, 1, 0, 0, 0, 0,
    1, 2, 0, 0, 0, 3, 0, 3,
    4, 0, 5, 0, 0, 0, 0, 0,
    6, 0, 0, 7, 7, 0, 0, 0,
    0, 0, 8, 9, 0, 10, 11, 12,
    13, 0, 0, 14, 15, 16, 0, 0,
    10, 17, 18, 19, 20, 21, 22, 23,
    24, 15, 25, 26, 27, 0, 0, 0,
    0, 0, 28, 29, 0, 0, 30, 31,
    0, 32, 33, 34, 35, 36, 32, 32,
    29, 29, 37, 38, 39, 40, 41, 42,
    43, 35, 42, 44, 45, 0, 0, 0,
    0, 0, 0, 0, 0, 0, 0, 0,
    0, 0, 0, 0, 0, 0, 0, 0,
    0, 0, 0, 0, 0, 0, 0, 0,
    0, 0, 0, 0, 0, 0, 0, 0,
    0, 0, 0, 0, 0, 0, 0, 0,
    0, 0, 0, 0, 0, 0, 0, 0,
    0, 0, 0, 0, 0, 0, 0, 0,
    0, 0, 0, 0, 0, 0, 0, 0,
    0, 0, 0, 0, 0, 0, 0
};

/*Map glyph_ids to kern right classes*/
static const uint8_t kern_right_class_mapping[] =
{
    0, 0, 0, 1, 0, 0, 0, 0,
    2, 0, 3, 4, 0, 5, 0, 5,
    6, 0, 7, 0, 0, 0, 0, 0,
    8, 0, 9, 10, 10, 0, 0, 0,
    11, 0, 12, 0, 13, 0, 0, 0,
    13, 0, 0, 14, 0, 0, 0, 0,
    13, 0, 13, 0, 15, 16, 17, 18,
    19, 20, 21, 22, 0, 0, 23, 0,
    0, 0, 24, 0, 25, 25, 25, 26,
    27, 28, 29, 30, 28, 31, 32, 32,
    25, 33, 25, 32, 34, 35, 36, 37,
    38, 39, 37, 32, 0, 0, 40, 0,
    0, 0, 0, 0, 0, 0, 0, 0,
    0, 0, 0, 0, 0, 0, 0, 0,
    0, 0, 0, 0, 0, 0, 0, 0,
    0, 0, 0, 0, 0, 0, 0, 0,
    0, 0, 0, 0, 0, 0, 0, 0,
    0, 0, 0, 0, 0, 0, 0, 0,
    0, 0, 0, 0, 0, 0, 0, 0,
    0, 0, 0, 0, 0, 0, 0, 0,
    0, 0, 0, 0, 0, 0, 0
};

/*Kern values between classes*/
static const int8_t kern_class_values[] =
{
    -14, -15, 0, 0, -46, 0, 0, 0,
    0, 0, 0, 0, 0, 0, 0, 0,
    0, 0, 0, 0, 0, 0, 0, 0,
    0, 0, 0, 0, 0, 0, 0, 0,
    0, 0, 0, 0, 0, 0, 0, 0,
    0, 0, 0, 0, 0, 0, 0, 0,
    0, 0, 0, 0, 0, 0, 0, 0,
    0, 0, 0, 0, 0, 0, 0, 0,
    0, 0, 0, 0, 0, 15, 0, 0,
    0, 0, 0, 0, 0, 0, 0, 0,
    -41, -41, 0, 0, 0, 0, -36, -10,
    -10, 0, 0, 0, 0, 0, 0, 0,
    0, 0, 0, 0, 0, 0, 0, 0,
    0, 0, 0, 0, 0, 0, 0, 0,
    0, 0, 0, 0, 0, 0, 0, 0,
    0, 0, 0, 0, 0, -31, 0, 0,
    0, 0, 0, 0, 0, 0, 0, 0,
    0, 0, 0, 0, 0, 0, 0, 0,
    0, 0, 0, 0, 0, 0, 0, 0,
    0, 0, 0, 0, 0, 0, 0, 0,
    0, 0, 0, 0, -25, 0, 0, 0,
    0, -25, 0, 0, 0, 0, 0, 0,
    0, 0, 0, 0, 0, 0, 0, 0,
    0, 0, 0, 0, 0, 0, 0, 0,
    0, 0, 0, 0, 0, 0, 0, 0,
    0, 0, 0, 0, -41, 0, 0, 0,
    0, -25, 0, 0, 0, 0, 0, 0,
    0, 0, 0, 0, 0, 0, 0, 0,
    0, 0, 0, 0, 0, 0, 0, 0,
    0, 0, 0, 0, 0, 0, 0, 0,
    0, 0, 0, 0, 0, 0, -20, -15,
    0, 0, 0, 0, 0, 0, 0, 0,
    0, 0, 0, 0, 0, 0, 0, 0,
    0, 0, 0, 0, 0, 0, 0, 0,
    0, 0, 0, 0, 0, 0, 0, 0,
    -26, -26, 0, 0, 0, 0, 0, 0,
    0, 0, 0, 0, -5, 0, 0, -20,
    -3, -18, -10, 0, -21, 0, 0, 0,
    0, -5, 0, 0, 0, 0, -3, 0,
    0, 0, -5, 0, -5, 0, 0, 0,
    0, 0, 0, 0, 0, 0, 0, 0,
    0, 0, 0, 0, -3, 0, 0, -10,
    0, -5, 0, -5, -5, 0, 0, 0,
    0, 0, 0, 0, 0, 0, 0, 0,
    0, 0, 0, 0, 0, 0, 0, 0,
    0, 0, 0, 0, -15, 0, 0, 0,
    0, 0, 0, -5, 0, 0, 0, -9,
    0, -8, -5, -5, -10, -5, 0, -10,
    0, 0, 0, 0, 0, 0, 0, 0,
    0, 0, 0, 0, 0, 0, 0, 0,
    0, 0, 0, 0, 0, 0, 0, 0,
    0, 0, 0, 0, 0, 0, 0, 0,
    0, 0, 0, 0, 0, 0, 0, 0,
    0, 0, 0, 0, 0, 5, 0, 0,
    0, 0, 0, 0, 0, 0, 0, 0,
    0, 0, 0, 0, -41, 0, 0, 0,
    0, 0, 0, -10, 0, 0, 0, 0,
    0, 0, 0, 0, 0, 0, 0, -15,
    0, 0, 0, 0, 0, 0, 0, 0,
    0, 0, 0, 0, 0, 0, 0, 0,
    0, 0, 0, 0, 0, 0, 0, 0,
    0, 0, 0, 0, 0, 0, 0, 0,
    0, -3, 0, 0, -5, 0, 0, 0,
    0, 0, 0, 0, 0, 0, 0, 0,
    0, 0, 0, 0, 0, 0, 0, 0,
    0, 0, 0, 0, 0, 0, 0, 0,
    0, 0, 0, 0, 0, 2, 0, 0,
    0, 0, 0, 0, 0, 0, 0, 0,
    0, 0, 0, 0, 0, 0, 0, 0,
    0, 0, 0, 0, 0, 0, 0, 0,
    0, 0, 0, 0, 0, 0, 0, 0,
    0, 0, 0, -5, -5, 0, 0, -5,
    -10, -10, -10, 0, -10, 0, 0, 0,
    -10, 0, -10, 0, 0, 0, -10, 0,
    0, -5, -3, -10, -15, -10, 0, 0,
    -25, -25, 0, 0, 0, 0, 0, 0,
    0, 0, 0, 5, -15, 0, 0, -20,
    -5, -20, -10, 0, -26, 0, 0, 0,
    0, 0, 0, 0, 0, 0, 0, 0,
    0, 0, 0, 0, -10, -5, 0, 0,
    0, 0, 0, 0, -51, 0, 0, 0,
    0, 0, 0, -15, 0, 0, 0, -7,
    0, -3, -3, -13, -5, -10, 0, -15,
    0, 0, 0, 0, 0, 0, 0, 0,
    0, 0, 0, 0, 0, 0, 0, 0,
    0, 0, 0, 0, -15, 0, 0, 0,
    0, 0, 0, -5, 0, 2, 0, -9,
    0, -8, -5, -5, -10, -5, 0, -10,
    0, 0, 0, 0, 0, 0, 0, 0,
    0, 0, 0, 0, 0, 0, 0, 0,
    0, 0, 0, 0, 0, 0, 0, 0,
    0, 0, 0, 0, -4, 0, 0, -10,
    -3, -5, -3, -7, -10, 0, 0, 0,
    -5, 0, -5, 0, 0, 0, 0, 0,
    0, 0, -5, -3, -3, 0, 5, 0,
    0, 0, 0, 0, -5, 0, 0, 0,
    0, 0, 0, 0, 0, 0, 0, 0,
    0, -5, -3, 0, -5, 0, 0, 0,
    0, 0, 0, 0, 0, 0, 0, 0,
    0, 0, 0, 0, -5, -3, 0, 0,
    1, 1, 0, 0, -39, 0, 0, 0,
    0, 0, 0, -20, -5, 0, 0, 0,
    0, 0, 0, 0, 0, 0, 0, -20,
    -15, 0, -15, 0, -5, -5, 0, -15,
    -15, -15, 5, -20, -10, -5, -10, 0,
    0, 0, 0, 0, 0, 0, 0, 0,
    0, 0, 0, -3, 0, 0, 0, 0,
    0, 0, 0, -5, 0, 0, 0, 0,
    0, 0, 0, 0, 0, 0, 0, 0,
    0, 0, 0, 0, 0, 0, 0, 0,
    0, 0, 0, 0, -36, 0, 0, 0,
    0, -10, 0, -18, -8, 0, -3, 0,
    0, 0, 0, 0, 0, 0, 0, -10,
    -5, 0, -5, 0, 0, 0, 0, 0,
    0, -5, 0, 0, 0, 0, 0, 0,
    0, 0, 0, 0, -20, 0, 0, 0,
    0, -10, 0, -10, -5, 0, 0, 0,
    0, 0, 0, 0, 0, 0, 0, -10,
    -5, 0, -5, 0, 0, 0, 0, 0,
    0, -5, 0, 0, 0, 0, 0, 0,
    0, 0, 0, 0, -36, 0, 0, 0,
    0, -15, 0, -21, -10, 0, 0, 0,
    0, 0, 0, 0, 0, 0, 0, -26,
    -15, 0, -15, 0, -5, 0, 0, -10,
    -10, -16, 0, -10, -10, 0, -10, 0,
    0, 0, 0, 0, 0, 0, 0, 0,
    0, 0, 0, 0, -5, 0, 0, 0,
    0, 0, 0, 0, 0, 0, 0, 0,
    0, 0, 0, 0, 0, 0, 0, 0,
    0, 0, 0, 0, 0, 0, 0, 0,
    0, 0, 0, 0, 0, 0, 0, 0,
    0, 0, 0, 0, 0, 0, 0, 0,
    0, 0, 0, 0, 0, 0, 0, 0,
    0, 0, 0, 0, 0, 20, 0, 0,
    0, 0, 0, 0, 0, 0, 0, 0,
    0, 0, 0, 0, 0, 0, 0, 0,
    0, 0, 0, 0, 0, 0, 0, -15,
    0, -5, 0, 0, -16, 0, 0, 0,
    0, 0, 0, 0, 0, 0, 0, 0,
    0, 0, 0, 0, -3, -3, 0, 0,
    0, 0, 0, 0, -10, 0, 0, 0,
    0, 0, 0, 0, 0, 0, 0, -15,
    0, -5, -5, -10, -15, 0, 0, 0,
    0, 0, 0, 0, 0, 0, 0, 0,
    0, 0, 0, 0, -3, 0, -5, 0,
    0, 0, 0, 0, -5, 0, 0, 0,
    0, 0, 0, 0, 0, 0, 0, -15,
    0, 0, 0, 0, -10, 0, 0, 0,
    0, 0, 0, 0, 0, 5, 0, 0,
    0, 0, 0, 0, 0, 0, 0, 0,
    1, 1, 0, 16, 0, 0, 0, 0,
    0, 0, 10, 0, 0, 0, 0, 10,
    0, 5, 5, 5, 0, 0, 5, -7,
    -5, 0, -10, -5, -5, -5, -5, 0,
    0, -5, 0, 0, 0, 0, 0, 1,
    0, 0, 0, 0, 0, 0, 0, 0,
    0, 0, 0, 0, 0, 0, 0, -15,
    0, 0, 0, 0, -10, 0, 0, 0,
    0, 0, 0, 0, 0, 0, 0, 0,
    0, 0, 0, 0, -3, 0, 0, 0,
    1, 1, 1, 0, 0, 0, 0, 0,
    0, 0, 1, 0, 0, 0, 0, -5,
    0, 0, 0, 0, 0, 0, 10, 0,
    0, 0, 0, 0, 0, 0, 0, 0,
    0, 0, 0, 0, 0, 0, 0, 6,
    0, 0, 0, 0, 0, 0, 0, 0,
    0, 0, 0, 0, 0, 0, 0, -5,
    0, 0, 0, 0, 0, 0, 0, 0,
    0, 0, 0, 0, 0, 0, 0, 0,
    0, 0, 0, 0, 0, 0, 0, 0,
    0, 0, 0, 0, 0, 0, 0, 0,
    0, 0, 0, 0, 0, 0, 0, -10,
    0, 0, -5, 0, 0, 0, 0, -5,
    -5, 0, -5, 0, 0, 0, -5, 0,
    0, 0, 0, -3, 0, 0, 0, 0,
    0, 0, 0, 0, 0, 0, 0, 0,
    0, 0, 0, 0, 0, 0, 0, 0,
    0, 0, 0, 0, 0, 0, 0, 0,
    0, -5, 0, 0, 0, 0, 0, 0,
    0, 0, 0, 0, -5, -3, 0, 0,
    0, 0, 0, 0, 0, 0, 0, 0,
    0, 0, 0, 0, 0, 0, 0, -5,
    0, 0, 0, 0, -5, 0, 0, 0,
    0, 0, 0, 0, 0, 5, 0, 0,
    0, 0, 0, 0, 0, 0, 0, 0,
    1, 1, 0, 0, -23, 0, 0, 0,
    0, 0, 0, 0, 0, 0, 0, 0,
    0, 0, 0, 0, 0, 0, 0, -13,
    -5, 0, 0, 0, 0, 0, 0, 0,
    0, 0, 5, 0, 0, 0, 0, 0,
    0, 0, 0, 0, 0, 0, 0, 0,
    0, 0, 0, 0, 0, 0, 0, -15,
    0, -5, -5, -5, -15, 0, 0, 0,
    0, 0, 0, 0, 0, 0, 0, 0,
    0, 0, 0, 0, -5, 0, -3, 0,
    0, 0, 0, 0, 0, 0, 0, 0,
    0, 0, 0, 0, 0, 0, 0, 0,
    0, 0, 0, 0, 0, 0, 0, 0,
    0, 0, 0, 0, 0, 0, 0, 0,
    0, 0, 0, 0, 0, 0, 0, 0,
    0, 0, 0, 0, 0, 0, 0, 0,
    0, 0, 0, 0, 0, 0, 0, -10,
    0, 0, 0, 0, -5, 0, 0, 0,
    0, 0, 0, 0, 0, 0, 0, 0,
    0, 0, 0, 0, 0, 0, 0, 0,
    0, 0, 0, 0, -23, 0, 0, 0,
    0, 0, 0, 0, 0, 0, 0, -10,
    0, 0, 0, -10, 0, 0, 0, -9,
    -3, 0, 0, 0, 0, 0, 0, 0,
    0, 0, 0, 0, 0, 0, 0, 0,
    0, 0, 0, 0, -13, 0, 0, 0,
    0, 0, 0, 0, 0, 0, 0, -5,
    0, 0, 0, -10, 0, 0, 0, -8,
    0, 0, 0, 0, 0, 0, 0, 0,
    0, 0, 0, 0, 0, 0, 0, 0,
    0, 0, 0, 0, 0, 0, 0, 0,
    0, 0, 0, 0, 0, 0, 0, -15,
    0, 0, 0, 0, 0, 0, 0, 0,
    0, 0, 0, 0, 0, 0, 0, 0,
    0, 0, 0, 0, 0, 0, 0, 0,
    0, 0, 0, 0, 0, 0, 0, 0,
    0, 0, 0, 0, 0, 0, 0, 0,
    0, 0, 0, 0, 0, 0, 0, 0,
    0, 0, 0, 1, 0, 20, 0, 0,
    0, 0, 0, 0, 0, 0, 0, 0
};


/*Collect the kern class' data in one place*/
static const lv_font_fmt_txt_kern_classes_t kern_classes =
{
    .class_pair_values   = kern_class_values,
    .left_class_mapping  = kern_left_class_mapping,
    .right_class_mapping = kern_right_class_mapping,
    .left_class_cnt      = 45,
    .right_class_cnt     = 40,
};

/*--------------------
 *  ALL CUSTOM DATA
 *--------------------*/

#if LVGL_VERSION_MAJOR == 8
/*Store all the custom data of the font*/
static  lv_font_fmt_txt_glyph_cache_t cache;
#endif

#if LVGL_VERSION_MAJOR >= 8
static const lv_font_fmt_txt_dsc_t font_dsc = {
#else
static lv_font_fmt_txt_dsc_t font_dsc = {
#endif
    .glyph_bitmap = glyph_bitmap,
    .glyph_dsc = glyph_dsc,
    .cmaps = cmaps,
    .kern_dsc = &kern_classes,
    .kern_scale = 16,
    .cmap_num = 2,
    .bpp = 4,
    .kern_classes = 1,
    .bitmap_format = 0,
#if LVGL_VERSION_MAJOR == 8
    .cache = &cache
#endif
};



/*-----------------
 *  PUBLIC FONT
 *----------------*/

/*Initialize a public general font descriptor*/
#if LVGL_VERSION_MAJOR >= 8
const lv_font_t meeting_zh_font = {
#else
lv_font_t meeting_zh_font = {
#endif
    .get_glyph_dsc = lv_font_get_glyph_dsc_fmt_txt,    /*Function pointer to get glyph's data*/
    .get_glyph_bitmap = lv_font_get_bitmap_fmt_txt,    /*Function pointer to get glyph's bitmap*/
    .line_height = 18,          /*The maximum line height required by the font*/
    .base_line = 4,             /*Baseline measured from the bottom of the line*/
#if !(LVGL_VERSION_MAJOR == 6 && LVGL_VERSION_MINOR == 0)
    .subpx = LV_FONT_SUBPX_NONE,
#endif
#if LV_VERSION_CHECK(7, 4, 0) || LVGL_VERSION_MAJOR >= 8
    .underline_position = -1,
    .underline_thickness = 1,
#endif
    .dsc = &font_dsc,          /*The custom font data. Will be accessed by `get_glyph_bitmap/dsc` */
#if LV_VERSION_CHECK(8, 2, 0) || LVGL_VERSION_MAJOR >= 9
    .fallback = NULL,
#endif
    .user_data = NULL,
};



#endif /*#if MEETING_ZH_FONT*/

